[{"kind": "youtube#video", "id": "vn-6fiVkAcA", "statistics": {"dislikeCount": "546", "viewCount": "1344891", "likeCount": "33067", "favoriteCount": "0", "commentCount": "1687"}, "etag": "\"sZ5p5Mo8dPpfIzLYQBF8QIQJym0/uwwnHdAGct-lEj_-kOR6We9paPg\"", "snippet": {"localized": {"title": "Bastille - Send Them Off!", "description": "\u201cWILD WORLD\u201d is OUT NOW! | Listen and share on Spotify http://po.st/WWsP | Listen and share on Apple Music http://po.st/WWaPP | Download on iTunes http://po.st/WWiT\n\nSay hi to the Bastille Facebook Messenger Bot here for more information on new music from Bastille:http://po.st/BASTILLEBOT\n\nJoin Bastille online:\nhttps://www.facebook.com/bastilleuk\nhttps://twitter.com/bastilledan\nhttp://bastilleuk.tumblr.com/\nhttp://instagram.com/bastilledan/\nhttp://soundcloud.com/bastilleuk\n\nhttp://vevo.ly/DYymoz"}, "categoryId": "10", "liveBroadcastContent": "none", "tags": ["Bastille", "Send", "Them", "Off!", "Virgin", "Alternative"], "description": "\u201cWILD WORLD\u201d is OUT NOW! | Listen and share on Spotify http://po.st/WWsP | Listen and share on Apple Music http://po.st/WWaPP | Download on iTunes http://po.st/WWiT\n\nSay hi to the Bastille Facebook Messenger Bot here for more information on new music from Bastille:http://po.st/BASTILLEBOT\n\nJoin Bastille online:\nhttps://www.facebook.com/bastilleuk\nhttps://twitter.com/bastilledan\nhttp://bastilleuk.tumblr.com/\nhttp://instagram.com/bastilledan/\nhttp://soundcloud.com/bastilleuk\n\nhttp://vevo.ly/DYymoz", "title": "Bastille - Send Them Off!", "channelId": "UCA3nrVC6HlfDs414V_SYlbQ", "publishedAt": "2016-09-30T16:00:26.000Z", "thumbnails": {"maxres": {"url": "https://i.ytimg.com/vi/vn-6fiVkAcA/maxresdefault.jpg", "width": 1280, "height": 720}, "standard": {"url": "https://i.ytimg.com/vi/vn-6fiVkAcA/sddefault.jpg", "width": 640, "height": 480}, "default": {"url": "https://i.ytimg.com/vi/vn-6fiVkAcA/default.jpg", "width": 120, "height": 90}, "medium": {"url": "https://i.ytimg.com/vi/vn-6fiVkAcA/mqdefault.jpg", "width": 320, "height": 180}, "high": {"url": "https://i.ytimg.com/vi/vn-6fiVkAcA/hqdefault.jpg", "width": 480, "height": 360}}, "channelTitle": "BastilleVEVO"}}]