[{"etag": "\"5C5HHOaBSHC5ZXfkrT4ZlRCi01A/XXsPdwAVxbdbPA4AuQbdR_a7m6s\"", "statistics": {"favoriteCount": "0", "likeCount": "36739", "commentCount": "1929", "dislikeCount": "584", "viewCount": "1760663"}, "id": "vn-6fiVkAcA", "kind": "youtube#video", "snippet": {"categoryId": "10", "tags": ["Bastille", "Send", "Them", "Off!", "Virgin", "Alternative"], "publishedAt": "2016-09-30T16:00:26.000Z", "localized": {"description": "\u201cWILD WORLD\u201d is OUT NOW! | Listen and share on Spotify http://po.st/WWsP | Listen and share on Apple Music http://po.st/WWaPP | Download on iTunes http://po.st/WWiT\n\nSay hi to the Bastille Facebook Messenger Bot here for more information on new music from Bastille:http://po.st/BASTILLEBOT\n\nJoin Bastille online:\nhttps://www.facebook.com/bastilleuk\nhttps://twitter.com/bastilledan\nhttp://bastilleuk.tumblr.com/\nhttp://instagram.com/bastilledan/\nhttp://soundcloud.com/bastilleuk\n\nhttp://vevo.ly/DYymoz", "title": "Bastille - Send Them Off!"}, "liveBroadcastContent": "none", "description": "\u201cWILD WORLD\u201d is OUT NOW! | Listen and share on Spotify http://po.st/WWsP | Listen and share on Apple Music http://po.st/WWaPP | Download on iTunes http://po.st/WWiT\n\nSay hi to the Bastille Facebook Messenger Bot here for more information on new music from Bastille:http://po.st/BASTILLEBOT\n\nJoin Bastille online:\nhttps://www.facebook.com/bastilleuk\nhttps://twitter.com/bastilledan\nhttp://bastilleuk.tumblr.com/\nhttp://instagram.com/bastilledan/\nhttp://soundcloud.com/bastilleuk\n\nhttp://vevo.ly/DYymoz", "thumbnails": {"standard": {"width": 640, "height": 480, "url": "https://i.ytimg.com/vi/vn-6fiVkAcA/sddefault.jpg"}, "high": {"width": 480, "height": 360, "url": "https://i.ytimg.com/vi/vn-6fiVkAcA/hqdefault.jpg"}, "default": {"width": 120, "height": 90, "url": "https://i.ytimg.com/vi/vn-6fiVkAcA/default.jpg"}, "medium": {"width": 320, "height": 180, "url": "https://i.ytimg.com/vi/vn-6fiVkAcA/mqdefault.jpg"}, "maxres": {"width": 1280, "height": 720, "url": "https://i.ytimg.com/vi/vn-6fiVkAcA/maxresdefault.jpg"}}, "title": "Bastille - Send Them Off!", "channelId": "UCA3nrVC6HlfDs414V_SYlbQ", "channelTitle": "BastilleVEVO"}}, {"etag": "\"5C5HHOaBSHC5ZXfkrT4ZlRCi01A/81w61p7ARkRUYB6VW2gTi4UqG_s\"", "statistics": {"favoriteCount": "0", "likeCount": "4202", "commentCount": "464", "dislikeCount": "23", "viewCount": "303501"}, "id": "MDRdikMNwi8", "kind": "youtube#video", "snippet": {"categoryId": "10", "tags": ["music", "youngroriginals", "boldtendancies", "new video", "new music", "live loop", "onetake", "live", "performance", "flight facilities", "mahogany", "sb.tv", "roland", "sabian", "novation", "original penguin", "out of my system", "bbc introducing", "radio 1", "bbc radio 1"], "publishedAt": "2016-04-28T16:14:12.000Z", "localized": {"description": "'Out Of My System' filmed at The Shell in Hackney.\n\nStream on Spotify: http://sptfy.com/1ksF\n\nPerformed and produced by Youngr using: \nAbleton Live, Roland SPDS-X, Roland A-800 Pro, Korg Pad Control, Akai APC 40 MK2, Novation pad Kontrol, Roland JD-Xi, Roland Vdrum Pads, Yamaha Club Custom Drum Kit, 14\" Slingerland Snare Drum, Sabian HHX Legacy 21\" ride, Sabian HHX Evolution 18\" crash, Sabian 10\" Chopper, Sabian HHX 14\" Hi Hats, Vic Firth 5a's, Fender Squire Guitar, Gretsch bass. \n\n\n\nYoungr\nhttps://facebook.com/youngrofficial\nhttps://twitter.com/youngr_music\nhttps://soundcloud.com/youngr_music\nhttps://instagram.com/youngr_music\nhttps://open.spotify.com/artist/5TrkbV9x6OdTBlzWPJeBz5", "title": "Youngr - Out Of My System"}, "liveBroadcastContent": "none", "description": "'Out Of My System' filmed at The Shell in Hackney.\n\nStream on Spotify: http://sptfy.com/1ksF\n\nPerformed and produced by Youngr using: \nAbleton Live, Roland SPDS-X, Roland A-800 Pro, Korg Pad Control, Akai APC 40 MK2, Novation pad Kontrol, Roland JD-Xi, Roland Vdrum Pads, Yamaha Club Custom Drum Kit, 14\" Slingerland Snare Drum, Sabian HHX Legacy 21\" ride, Sabian HHX Evolution 18\" crash, Sabian 10\" Chopper, Sabian HHX 14\" Hi Hats, Vic Firth 5a's, Fender Squire Guitar, Gretsch bass. \n\n\n\nYoungr\nhttps://facebook.com/youngrofficial\nhttps://twitter.com/youngr_music\nhttps://soundcloud.com/youngr_music\nhttps://instagram.com/youngr_music\nhttps://open.spotify.com/artist/5TrkbV9x6OdTBlzWPJeBz5", "thumbnails": {"standard": {"width": 640, "height": 480, "url": "https://i.ytimg.com/vi/MDRdikMNwi8/sddefault.jpg"}, "high": {"width": 480, "height": 360, "url": "https://i.ytimg.com/vi/MDRdikMNwi8/hqdefault.jpg"}, "default": {"width": 120, "height": 90, "url": "https://i.ytimg.com/vi/MDRdikMNwi8/default.jpg"}, "medium": {"width": 320, "height": 180, "url": "https://i.ytimg.com/vi/MDRdikMNwi8/mqdefault.jpg"}, "maxres": {"width": 1280, "height": 720, "url": "https://i.ytimg.com/vi/MDRdikMNwi8/maxresdefault.jpg"}}, "title": "Youngr - Out Of My System", "channelId": "UCZ_Io2cHF-aurYaWTCRUx6Q", "channelTitle": "Youngr", "defaultAudioLanguage": "en-GB"}}, {"etag": "\"5C5HHOaBSHC5ZXfkrT4ZlRCi01A/P7gOm5Rws07l71Tcl7Af8CFCmi8\"", "statistics": {"favoriteCount": "0", "likeCount": "4398", "commentCount": "246", "dislikeCount": "65", "viewCount": "243897"}, "id": "IeZUJus-Xwk", "kind": "youtube#video", "snippet": {"categoryId": "10", "tags": ["liv", "wings of love", "lykke li", "andrew wyatt", "pontus winnberg", "bjorn yttling", "jeff bhasker", "miike snow", "peter bjorn and john", "ingrid"], "publishedAt": "2016-10-12T11:56:51.000Z", "localized": {"description": "A film by Lykke Li\nCinematography by Marcus&Frode\nPaintings by Malin Gabriella Nordin\nEdited by Meejin Hong\n\nStream and download: https://INGRID.lnk.to/WingsOfLove\n\nliv is the love child of Lykke Li, Andrew Wyatt, Pontus Winnberg, Bj\u00f6rn Yttling and Jeff Bhasker.\n\nhttp://letmeliv.tumblr.com\nhttp://www.ingrd.com", "title": "liv - Wings of Love (Official video)"}, "liveBroadcastContent": "none", "description": "A film by Lykke Li\nCinematography by Marcus&Frode\nPaintings by Malin Gabriella Nordin\nEdited by Meejin Hong\n\nStream and download: https://INGRID.lnk.to/WingsOfLove\n\nliv is the love child of Lykke Li, Andrew Wyatt, Pontus Winnberg, Bj\u00f6rn Yttling and Jeff Bhasker.\n\nhttp://letmeliv.tumblr.com\nhttp://www.ingrd.com", "thumbnails": {"standard": {"width": 640, "height": 480, "url": "https://i.ytimg.com/vi/IeZUJus-Xwk/sddefault.jpg"}, "high": {"width": 480, "height": 360, "url": "https://i.ytimg.com/vi/IeZUJus-Xwk/hqdefault.jpg"}, "default": {"width": 120, "height": 90, "url": "https://i.ytimg.com/vi/IeZUJus-Xwk/default.jpg"}, "medium": {"width": 320, "height": 180, "url": "https://i.ytimg.com/vi/IeZUJus-Xwk/mqdefault.jpg"}, "maxres": {"width": 1280, "height": 720, "url": "https://i.ytimg.com/vi/IeZUJus-Xwk/maxresdefault.jpg"}}, "title": "liv - Wings of Love (Official video)", "channelId": "UC1uh3tMXSenbfK6s91MyHZg", "channelTitle": "Lykke Li"}}, {"etag": "\"5C5HHOaBSHC5ZXfkrT4ZlRCi01A/JFHJM53oQ59xThMfWoGdOY7zR-k\"", "statistics": {"favoriteCount": "0", "likeCount": "66", "commentCount": "8", "dislikeCount": "1", "viewCount": "8125"}, "id": "HZe2s6ryg04", "kind": "youtube#video", "snippet": {"categoryId": "10", "tags": ["Orange", "Skyline", "Sound", "Fury", "Caroline", "Records", "Pop", "Spotify:"], "publishedAt": "2016-11-08T23:01:00.000Z", "localized": {"description": "Spotify: http://open.spotify.com/track/5Xa6fVEsqFPCsyCx2faqS7\niTunes: https://itunes.apple.com/nl/album/things-that-i-hide/id1170073673?ls=1&app=itunes\nDeezer: ttp://www.deezer.com/artist/6565119\n\n2016 Orange Skyline under exclusive license to Caroline Benelux\n\nhttp://vevo.ly/dyJN7l", "title": "Orange Skyline - Sound & Fury"}, "liveBroadcastContent": "none", "description": "Spotify: http://open.spotify.com/track/5Xa6fVEsqFPCsyCx2faqS7\niTunes: https://itunes.apple.com/nl/album/things-that-i-hide/id1170073673?ls=1&app=itunes\nDeezer: ttp://www.deezer.com/artist/6565119\n\n2016 Orange Skyline under exclusive license to Caroline Benelux\n\nhttp://vevo.ly/dyJN7l", "thumbnails": {"standard": {"width": 640, "height": 480, "url": "https://i.ytimg.com/vi/HZe2s6ryg04/sddefault.jpg"}, "high": {"width": 480, "height": 360, "url": "https://i.ytimg.com/vi/HZe2s6ryg04/hqdefault.jpg"}, "default": {"width": 120, "height": 90, "url": "https://i.ytimg.com/vi/HZe2s6ryg04/default.jpg"}, "medium": {"width": 320, "height": 180, "url": "https://i.ytimg.com/vi/HZe2s6ryg04/mqdefault.jpg"}, "maxres": {"width": 1280, "height": 720, "url": "https://i.ytimg.com/vi/HZe2s6ryg04/maxresdefault.jpg"}}, "title": "Orange Skyline - Sound & Fury", "channelId": "UCln0N0Ixw1orDVDV30UIyJA", "channelTitle": "OrangeSkylineVEVO"}}]