[{"id": "vn-6fiVkAcA", "statistics": {"favoriteCount": "0", "viewCount": "1604042", "likeCount": "35413", "commentCount": "1845", "dislikeCount": "563"}, "snippet": {"channelId": "UCA3nrVC6HlfDs414V_SYlbQ", "categoryId": "10", "tags": ["Bastille", "Send", "Them", "Off!", "Virgin", "Alternative"], "description": "\u201cWILD WORLD\u201d is OUT NOW! | Listen and share on Spotify http://po.st/WWsP | Listen and share on Apple Music http://po.st/WWaPP | Download on iTunes http://po.st/WWiT\n\nSay hi to the Bastille Facebook Messenger Bot here for more information on new music from Bastille:http://po.st/BASTILLEBOT\n\nJoin Bastille online:\nhttps://www.facebook.com/bastilleuk\nhttps://twitter.com/bastilledan\nhttp://bastilleuk.tumblr.com/\nhttp://instagram.com/bastilledan/\nhttp://soundcloud.com/bastilleuk\n\nhttp://vevo.ly/DYymoz", "liveBroadcastContent": "none", "thumbnails": {"default": {"url": "https://i.ytimg.com/vi/vn-6fiVkAcA/default.jpg", "height": 90, "width": 120}, "high": {"url": "https://i.ytimg.com/vi/vn-6fiVkAcA/hqdefault.jpg", "height": 360, "width": 480}, "medium": {"url": "https://i.ytimg.com/vi/vn-6fiVkAcA/mqdefault.jpg", "height": 180, "width": 320}, "standard": {"url": "https://i.ytimg.com/vi/vn-6fiVkAcA/sddefault.jpg", "height": 480, "width": 640}, "maxres": {"url": "https://i.ytimg.com/vi/vn-6fiVkAcA/maxresdefault.jpg", "height": 720, "width": 1280}}, "localized": {"description": "\u201cWILD WORLD\u201d is OUT NOW! | Listen and share on Spotify http://po.st/WWsP | Listen and share on Apple Music http://po.st/WWaPP | Download on iTunes http://po.st/WWiT\n\nSay hi to the Bastille Facebook Messenger Bot here for more information on new music from Bastille:http://po.st/BASTILLEBOT\n\nJoin Bastille online:\nhttps://www.facebook.com/bastilleuk\nhttps://twitter.com/bastilledan\nhttp://bastilleuk.tumblr.com/\nhttp://instagram.com/bastilledan/\nhttp://soundcloud.com/bastilleuk\n\nhttp://vevo.ly/DYymoz", "title": "Bastille - Send Them Off!"}, "channelTitle": "BastilleVEVO", "title": "Bastille - Send Them Off!", "publishedAt": "2016-09-30T16:00:26.000Z"}, "etag": "\"sZ5p5Mo8dPpfIzLYQBF8QIQJym0/gYP-uoBV44LX3D6-dSXJUytpbiY\"", "kind": "youtube#video"}, {"id": "MDRdikMNwi8", "statistics": {"favoriteCount": "0", "viewCount": "295551", "likeCount": "4111", "commentCount": "462", "dislikeCount": "23"}, "snippet": {"channelId": "UCZ_Io2cHF-aurYaWTCRUx6Q", "categoryId": "10", "tags": ["music", "youngroriginals", "boldtendancies", "new video", "new music", "live loop", "onetake", "live", "performance", "flight facilities", "mahogany", "sb.tv", "roland", "sabian", "novation", "original penguin", "out of my system", "bbc introducing", "radio 1", "bbc radio 1"], "description": "'Out Of My System' filmed at The Shell in Hackney.\n\nStream on Spotify: http://sptfy.com/1ksF\n\nPerformed and produced by Youngr using: \nAbleton Live, Roland SPDS-X, Roland A-800 Pro, Korg Pad Control, Akai APC 40 MK2, Novation pad Kontrol, Roland JD-Xi, Roland Vdrum Pads, Yamaha Club Custom Drum Kit, 14\" Slingerland Snare Drum, Sabian HHX Legacy 21\" ride, Sabian HHX Evolution 18\" crash, Sabian 10\" Chopper, Sabian HHX 14\" Hi Hats, Vic Firth 5a's, Fender Squire Guitar, Gretsch bass. \n\n\n\nYoungr\nhttps://facebook.com/youngrofficial\nhttps://twitter.com/youngr_music\nhttps://soundcloud.com/youngr_music\nhttps://instagram.com/youngr_music\nhttps://open.spotify.com/artist/5TrkbV9x6OdTBlzWPJeBz5", "defaultAudioLanguage": "en-GB", "liveBroadcastContent": "none", "thumbnails": {"default": {"url": "https://i.ytimg.com/vi/MDRdikMNwi8/default.jpg", "height": 90, "width": 120}, "high": {"url": "https://i.ytimg.com/vi/MDRdikMNwi8/hqdefault.jpg", "height": 360, "width": 480}, "medium": {"url": "https://i.ytimg.com/vi/MDRdikMNwi8/mqdefault.jpg", "height": 180, "width": 320}, "standard": {"url": "https://i.ytimg.com/vi/MDRdikMNwi8/sddefault.jpg", "height": 480, "width": 640}, "maxres": {"url": "https://i.ytimg.com/vi/MDRdikMNwi8/maxresdefault.jpg", "height": 720, "width": 1280}}, "localized": {"description": "'Out Of My System' filmed at The Shell in Hackney.\n\nStream on Spotify: http://sptfy.com/1ksF\n\nPerformed and produced by Youngr using: \nAbleton Live, Roland SPDS-X, Roland A-800 Pro, Korg Pad Control, Akai APC 40 MK2, Novation pad Kontrol, Roland JD-Xi, Roland Vdrum Pads, Yamaha Club Custom Drum Kit, 14\" Slingerland Snare Drum, Sabian HHX Legacy 21\" ride, Sabian HHX Evolution 18\" crash, Sabian 10\" Chopper, Sabian HHX 14\" Hi Hats, Vic Firth 5a's, Fender Squire Guitar, Gretsch bass. \n\n\n\nYoungr\nhttps://facebook.com/youngrofficial\nhttps://twitter.com/youngr_music\nhttps://soundcloud.com/youngr_music\nhttps://instagram.com/youngr_music\nhttps://open.spotify.com/artist/5TrkbV9x6OdTBlzWPJeBz5", "title": "Youngr - Out Of My System"}, "channelTitle": "Youngr", "title": "Youngr - Out Of My System", "publishedAt": "2016-04-28T16:14:12.000Z"}, "etag": "\"sZ5p5Mo8dPpfIzLYQBF8QIQJym0/pZ7vFZ-RnkVciA1sWo9sz0EW7Ro\"", "kind": "youtube#video"}, {"id": "IeZUJus-Xwk", "statistics": {"favoriteCount": "0", "viewCount": "229591", "likeCount": "4038", "commentCount": "234", "dislikeCount": "62"}, "snippet": {"channelId": "UC1uh3tMXSenbfK6s91MyHZg", "categoryId": "10", "tags": ["liv", "wings of love", "lykke li", "andrew wyatt", "pontus winnberg", "bjorn yttling", "jeff bhasker", "miike snow", "peter bjorn and john", "ingrid"], "description": "A film by Lykke Li\nCinematography by Marcus&Frode\nPaintings by Malin Gabriella Nordin\nEdited by Meejin Hong\n\nStream and download: https://INGRID.lnk.to/WingsOfLove\n\nliv is Lykke Li, Andrew Wyatt, Bjorn Yttling, Pontus Winnberg and Jeff Bhasker\n\nwww.ingrd.com", "liveBroadcastContent": "none", "thumbnails": {"default": {"url": "https://i.ytimg.com/vi/IeZUJus-Xwk/default.jpg", "height": 90, "width": 120}, "high": {"url": "https://i.ytimg.com/vi/IeZUJus-Xwk/hqdefault.jpg", "height": 360, "width": 480}, "medium": {"url": "https://i.ytimg.com/vi/IeZUJus-Xwk/mqdefault.jpg", "height": 180, "width": 320}, "standard": {"url": "https://i.ytimg.com/vi/IeZUJus-Xwk/sddefault.jpg", "height": 480, "width": 640}, "maxres": {"url": "https://i.ytimg.com/vi/IeZUJus-Xwk/maxresdefault.jpg", "height": 720, "width": 1280}}, "localized": {"description": "A film by Lykke Li\nCinematography by Marcus&Frode\nPaintings by Malin Gabriella Nordin\nEdited by Meejin Hong\n\nStream and download: https://INGRID.lnk.to/WingsOfLove\n\nliv is Lykke Li, Andrew Wyatt, Bjorn Yttling, Pontus Winnberg and Jeff Bhasker\n\nwww.ingrd.com", "title": "liv - Wings of Love (Official video)"}, "channelTitle": "Lykke Li", "title": "liv - Wings of Love (Official video)", "publishedAt": "2016-10-12T11:56:51.000Z"}, "etag": "\"sZ5p5Mo8dPpfIzLYQBF8QIQJym0/ziV4llGkrKVh9_n5IeyxPU9LsiE\"", "kind": "youtube#video"}]