[{"snippet": {"thumbnails": {"medium": {"height": 180, "url": "https://i.ytimg.com/vi/vn-6fiVkAcA/mqdefault.jpg", "width": 320}, "maxres": {"height": 720, "url": "https://i.ytimg.com/vi/vn-6fiVkAcA/maxresdefault.jpg", "width": 1280}, "default": {"height": 90, "url": "https://i.ytimg.com/vi/vn-6fiVkAcA/default.jpg", "width": 120}, "high": {"height": 360, "url": "https://i.ytimg.com/vi/vn-6fiVkAcA/hqdefault.jpg", "width": 480}, "standard": {"height": 480, "url": "https://i.ytimg.com/vi/vn-6fiVkAcA/sddefault.jpg", "width": 640}}, "channelTitle": "BastilleVEVO", "categoryId": "10", "description": "\u201cWILD WORLD\u201d is OUT NOW! | Listen and share on Spotify http://po.st/WWsP | Listen and share on Apple Music http://po.st/WWaPP | Download on iTunes http://po.st/WWiT\n\nSay hi to the Bastille Facebook Messenger Bot here for more information on new music from Bastille:http://po.st/BASTILLEBOT\n\nJoin Bastille online:\nhttps://www.facebook.com/bastilleuk\nhttps://twitter.com/bastilledan\nhttp://bastilleuk.tumblr.com/\nhttp://instagram.com/bastilledan/\nhttp://soundcloud.com/bastilleuk\n\nhttp://vevo.ly/DYymoz", "tags": ["Bastille", "Send", "Them", "Off!", "Virgin", "Alternative"], "localized": {"description": "\u201cWILD WORLD\u201d is OUT NOW! | Listen and share on Spotify http://po.st/WWsP | Listen and share on Apple Music http://po.st/WWaPP | Download on iTunes http://po.st/WWiT\n\nSay hi to the Bastille Facebook Messenger Bot here for more information on new music from Bastille:http://po.st/BASTILLEBOT\n\nJoin Bastille online:\nhttps://www.facebook.com/bastilleuk\nhttps://twitter.com/bastilledan\nhttp://bastilleuk.tumblr.com/\nhttp://instagram.com/bastilledan/\nhttp://soundcloud.com/bastilleuk\n\nhttp://vevo.ly/DYymoz", "title": "Bastille - Send Them Off!"}, "liveBroadcastContent": "none", "publishedAt": "2016-09-30T16:00:26.000Z", "channelId": "UCA3nrVC6HlfDs414V_SYlbQ", "title": "Bastille - Send Them Off!"}, "kind": "youtube#video", "id": "vn-6fiVkAcA", "etag": "\"sZ5p5Mo8dPpfIzLYQBF8QIQJym0/GldjbOugOKDTnvyIoYMcEmZi-8c\"", "statistics": {"favoriteCount": "0", "commentCount": "1667", "likeCount": "32826", "viewCount": "1317682", "dislikeCount": "544"}}]