[{"etag": "\"5C5HHOaBSHC5ZXfkrT4ZlRCi01A/g3eGpxdpNfsVMXRgBDc4-o7qpTo\"", "kind": "youtube#video", "id": "vn-6fiVkAcA", "statistics": {"dislikeCount": "600", "favoriteCount": "0", "viewCount": "1910008", "commentCount": "1995", "likeCount": "38081"}, "snippet": {"title": "Bastille - Send Them Off!", "channelId": "UCA3nrVC6HlfDs414V_SYlbQ", "publishedAt": "2016-09-30T16:00:26.000Z", "thumbnails": {"high": {"height": 360, "width": 480, "url": "https://i.ytimg.com/vi/vn-6fiVkAcA/hqdefault.jpg"}, "default": {"height": 90, "width": 120, "url": "https://i.ytimg.com/vi/vn-6fiVkAcA/default.jpg"}, "standard": {"height": 480, "width": 640, "url": "https://i.ytimg.com/vi/vn-6fiVkAcA/sddefault.jpg"}, "medium": {"height": 180, "width": 320, "url": "https://i.ytimg.com/vi/vn-6fiVkAcA/mqdefault.jpg"}, "maxres": {"height": 720, "width": 1280, "url": "https://i.ytimg.com/vi/vn-6fiVkAcA/maxresdefault.jpg"}}, "channelTitle": "BastilleVEVO", "tags": ["Bastille", "Send Them Off!", "Bastille Send Them Off", "send them off bastille lyrics", "send them off remix", "send them off lyrics", "send them off bastille live", "send them off live", "send them off bastille fifa 17", "send them off fifa 17", "send them off fifa", "send them off live lounge", "send them off live bastille", "fifa 17", "bastille pompeii", "bastille day", "bastille live lounge", "bastille wild world album", "bastille radio 1 live lounge"], "localized": {"title": "Bastille - Send Them Off!", "description": "\u201cWILD WORLD\u201d is OUT NOW! | Listen and share on Spotify http://po.st/WWsP | Listen and share on Apple Music http://po.st/WWaPP | Download on iTunes http://po.st/WWiT\n\nSay hi to the Bastille Facebook Messenger Bot here for more information on new music from Bastille:http://po.st/BASTILLEBOT\n\nJoin Bastille online:\nhttps://www.facebook.com/bastilleuk\nhttps://twitter.com/bastilledan\nhttp://bastilleuk.tumblr.com/\nhttp://instagram.com/bastilledan/\nhttp://soundcloud.com/bastilleuk\n\nhttp://vevo.ly/DYymoz"}, "categoryId": "10", "description": "\u201cWILD WORLD\u201d is OUT NOW! | Listen and share on Spotify http://po.st/WWsP | Listen and share on Apple Music http://po.st/WWaPP | Download on iTunes http://po.st/WWiT\n\nSay hi to the Bastille Facebook Messenger Bot here for more information on new music from Bastille:http://po.st/BASTILLEBOT\n\nJoin Bastille online:\nhttps://www.facebook.com/bastilleuk\nhttps://twitter.com/bastilledan\nhttp://bastilleuk.tumblr.com/\nhttp://instagram.com/bastilledan/\nhttp://soundcloud.com/bastilleuk\n\nhttp://vevo.ly/DYymoz", "liveBroadcastContent": "none"}}, {"etag": "\"5C5HHOaBSHC5ZXfkrT4ZlRCi01A/HyRa4z4l0czi7xSEajERXzWGrb0\"", "kind": "youtube#video", "id": "MDRdikMNwi8", "statistics": {"dislikeCount": "24", "favoriteCount": "0", "viewCount": "311595", "commentCount": "469", "likeCount": "4283"}, "snippet": {"title": "Youngr - Out Of My System", "channelId": "UCZ_Io2cHF-aurYaWTCRUx6Q", "publishedAt": "2016-04-28T16:14:12.000Z", "thumbnails": {"high": {"height": 360, "width": 480, "url": "https://i.ytimg.com/vi/MDRdikMNwi8/hqdefault.jpg"}, "default": {"height": 90, "width": 120, "url": "https://i.ytimg.com/vi/MDRdikMNwi8/default.jpg"}, "standard": {"height": 480, "width": 640, "url": "https://i.ytimg.com/vi/MDRdikMNwi8/sddefault.jpg"}, "medium": {"height": 180, "width": 320, "url": "https://i.ytimg.com/vi/MDRdikMNwi8/mqdefault.jpg"}, "maxres": {"height": 720, "width": 1280, "url": "https://i.ytimg.com/vi/MDRdikMNwi8/maxresdefault.jpg"}}, "channelTitle": "Youngr", "tags": ["music", "youngroriginals", "boldtendancies", "new video", "new music", "live loop", "onetake", "live", "performance", "flight facilities", "mahogany", "sb.tv", "roland", "sabian", "novation", "original penguin", "out of my system", "bbc introducing", "radio 1", "bbc radio 1"], "defaultAudioLanguage": "en-GB", "localized": {"title": "Youngr - Out Of My System", "description": "'Out Of My System' filmed at The Shell in Hackney.\n\nStream on Spotify: http://sptfy.com/1ksF\n\nPerformed and produced by Youngr using: \nAbleton Live, Roland SPDS-X, Roland A-800 Pro, Korg Pad Control, Akai APC 40 MK2, Novation pad Kontrol, Roland JD-Xi, Roland Vdrum Pads, Yamaha Club Custom Drum Kit, 14\" Slingerland Snare Drum, Sabian HHX Legacy 21\" ride, Sabian HHX Evolution 18\" crash, Sabian 10\" Chopper, Sabian HHX 14\" Hi Hats, Vic Firth 5a's, Fender Squire Guitar, Gretsch bass. \n\n\n\nYoungr\nhttps://facebook.com/youngrofficial\nhttps://twitter.com/youngr_music\nhttps://soundcloud.com/youngr_music\nhttps://instagram.com/youngr_music\nhttps://open.spotify.com/artist/5TrkbV9x6OdTBlzWPJeBz5"}, "categoryId": "10", "description": "'Out Of My System' filmed at The Shell in Hackney.\n\nStream on Spotify: http://sptfy.com/1ksF\n\nPerformed and produced by Youngr using: \nAbleton Live, Roland SPDS-X, Roland A-800 Pro, Korg Pad Control, Akai APC 40 MK2, Novation pad Kontrol, Roland JD-Xi, Roland Vdrum Pads, Yamaha Club Custom Drum Kit, 14\" Slingerland Snare Drum, Sabian HHX Legacy 21\" ride, Sabian HHX Evolution 18\" crash, Sabian 10\" Chopper, Sabian HHX 14\" Hi Hats, Vic Firth 5a's, Fender Squire Guitar, Gretsch bass. \n\n\n\nYoungr\nhttps://facebook.com/youngrofficial\nhttps://twitter.com/youngr_music\nhttps://soundcloud.com/youngr_music\nhttps://instagram.com/youngr_music\nhttps://open.spotify.com/artist/5TrkbV9x6OdTBlzWPJeBz5", "liveBroadcastContent": "none"}}, {"etag": "\"5C5HHOaBSHC5ZXfkrT4ZlRCi01A/FPGhAXZOvE1OHhHrsCeIgZiuBmQ\"", "kind": "youtube#video", "id": "IeZUJus-Xwk", "statistics": {"dislikeCount": "69", "favoriteCount": "0", "viewCount": "252349", "commentCount": "255", "likeCount": "4524"}, "snippet": {"title": "liv - Wings of Love (Official video)", "channelId": "UC1uh3tMXSenbfK6s91MyHZg", "publishedAt": "2016-10-12T11:56:51.000Z", "thumbnails": {"high": {"height": 360, "width": 480, "url": "https://i.ytimg.com/vi/IeZUJus-Xwk/hqdefault.jpg"}, "default": {"height": 90, "width": 120, "url": "https://i.ytimg.com/vi/IeZUJus-Xwk/default.jpg"}, "standard": {"height": 480, "width": 640, "url": "https://i.ytimg.com/vi/IeZUJus-Xwk/sddefault.jpg"}, "medium": {"height": 180, "width": 320, "url": "https://i.ytimg.com/vi/IeZUJus-Xwk/mqdefault.jpg"}, "maxres": {"height": 720, "width": 1280, "url": "https://i.ytimg.com/vi/IeZUJus-Xwk/maxresdefault.jpg"}}, "channelTitle": "Lykke Li", "tags": ["liv", "wings of love", "lykke li", "andrew wyatt", "pontus winnberg", "bjorn yttling", "jeff bhasker", "miike snow", "peter bjorn and john", "ingrid"], "localized": {"title": "liv - Wings of Love (Official video)", "description": "A film by Lykke Li\nCinematography by Marcus&Frode\nPaintings by Malin Gabriella Nordin\nEdited by Meejin Hong\n\nStream and download: https://INGRID.lnk.to/WingsOfLove\n\nliv is the love child of Lykke Li, Andrew Wyatt, Pontus Winnberg, Bj\u00f6rn Yttling and Jeff Bhasker.\n\nhttp://letmeliv.tumblr.com\nhttp://www.ingrd.com"}, "categoryId": "10", "description": "A film by Lykke Li\nCinematography by Marcus&Frode\nPaintings by Malin Gabriella Nordin\nEdited by Meejin Hong\n\nStream and download: https://INGRID.lnk.to/WingsOfLove\n\nliv is the love child of Lykke Li, Andrew Wyatt, Pontus Winnberg, Bj\u00f6rn Yttling and Jeff Bhasker.\n\nhttp://letmeliv.tumblr.com\nhttp://www.ingrd.com", "liveBroadcastContent": "none"}}, {"etag": "\"5C5HHOaBSHC5ZXfkrT4ZlRCi01A/45kbDr8eUWOfH4dkjlFKzP-QhkY\"", "kind": "youtube#video", "id": "HZe2s6ryg04", "statistics": {"dislikeCount": "2", "favoriteCount": "0", "viewCount": "9554", "commentCount": "9", "likeCount": "78"}, "snippet": {"title": "Orange Skyline - Sound & Fury", "channelId": "UCln0N0Ixw1orDVDV30UIyJA", "publishedAt": "2016-11-08T23:01:00.000Z", "thumbnails": {"high": {"height": 360, "width": 480, "url": "https://i.ytimg.com/vi/HZe2s6ryg04/hqdefault.jpg"}, "default": {"height": 90, "width": 120, "url": "https://i.ytimg.com/vi/HZe2s6ryg04/default.jpg"}, "standard": {"height": 480, "width": 640, "url": "https://i.ytimg.com/vi/HZe2s6ryg04/sddefault.jpg"}, "medium": {"height": 180, "width": 320, "url": "https://i.ytimg.com/vi/HZe2s6ryg04/mqdefault.jpg"}, "maxres": {"height": 720, "width": 1280, "url": "https://i.ytimg.com/vi/HZe2s6ryg04/maxresdefault.jpg"}}, "channelTitle": "OrangeSkylineVEVO", "tags": ["Orange", "Skyline", "Sound", "Fury", "Caroline", "Records", "Pop", "Spotify:"], "localized": {"title": "Orange Skyline - Sound & Fury", "description": "Spotify: http://open.spotify.com/track/5Xa6fVEsqFPCsyCx2faqS7\niTunes: https://itunes.apple.com/nl/album/things-that-i-hide/id1170073673?ls=1&app=itunes\nDeezer: ttp://www.deezer.com/artist/6565119\n\n2016 Orange Skyline under exclusive license to Caroline Benelux\n\nhttp://vevo.ly/dyJN7l"}, "categoryId": "10", "description": "Spotify: http://open.spotify.com/track/5Xa6fVEsqFPCsyCx2faqS7\niTunes: https://itunes.apple.com/nl/album/things-that-i-hide/id1170073673?ls=1&app=itunes\nDeezer: ttp://www.deezer.com/artist/6565119\n\n2016 Orange Skyline under exclusive license to Caroline Benelux\n\nhttp://vevo.ly/dyJN7l", "liveBroadcastContent": "none"}}, {"etag": "\"5C5HHOaBSHC5ZXfkrT4ZlRCi01A/IAoffLwezyG9BIt_7idSMfooSK4\"", "kind": "youtube#video", "id": "1_oA9UmRd4I", "statistics": {"dislikeCount": "1209", "favoriteCount": "0", "viewCount": "2429035", "commentCount": "2024", "likeCount": "36649"}, "snippet": {"title": "The xx - On Hold (Official Audio)", "channelId": "UCD53U3HUF8CJW2cRdLzQexQ", "publishedAt": "2016-11-10T11:06:40.000Z", "thumbnails": {"high": {"height": 360, "width": 480, "url": "https://i.ytimg.com/vi/1_oA9UmRd4I/hqdefault.jpg"}, "default": {"height": 90, "width": 120, "url": "https://i.ytimg.com/vi/1_oA9UmRd4I/default.jpg"}, "standard": {"height": 480, "width": 640, "url": "https://i.ytimg.com/vi/1_oA9UmRd4I/sddefault.jpg"}, "medium": {"height": 180, "width": 320, "url": "https://i.ytimg.com/vi/1_oA9UmRd4I/mqdefault.jpg"}}, "channelTitle": "The xx", "tags": ["the xx on hold", "on hold the x x", "the x x on hold", "on hold", "the xx", "on hold the xx", "i see you", "young turks", "the xxs on hold", "the xxs", "the x x", "xx", "onhold", "hold on", "new xx", "the xx new", "on hold xx", "xx on hold", "hold on the xx", "the xx hold", "xx hold on", "the xx i see you", "xx hold", "the xx hold on", "i see you the xx", "thexx", "hold the xx", "snl", "on hold snl", "the xx snl", "snl the xx", "the xx live on snl", "sat night live", "xx on snl", "snl on hold"], "localized": {"title": "The xx - On Hold (Official Audio)", "description": "The xx - On Hold (Official Audio)\nWatch the official music video for \u201cOn Hold,\u201d from the forthcoming album \u2018I See You,\u2019 available January 13th 2017.\nSubscribe to The xx\u2019s channel to stay up to date with all their latest videos.\n\nAND EVERY TIME I LET YOU LEAVE\nI ALWAYS SAW YOU COMING BACK TO ME\nWHEN AND WHERE DID WE GO COLD\nI THOUGHT I HAD YOU ON HOLD\n\nYou can pre-order \u201cI See You\u201d as a download http://smarturl.it/xxeht-tiuoyeesi \nCD: http://smarturl.it/xxeht-zmauoyeesi\nVinyl http://smarturl.it/xxeht-pohsuoyeesi\n\nStream \u201cOn Hold\u201d\nSpotify: http://xxe.ht/psdlohno\nApple Music:http://xxe.ht/madlohno\n\nDownload \"On Hold\"\niTunes: http://xxe.ht/tidlohno\nGoogle Play: http://xxe.ht/pgdlohno\nAmazon: http://xxe.ht/zmadlohno\n\nSee The xx live: http://xxe.ht/ruot\n\nListen to The xx essentials on Spotify: http://xxe.ht/psslaitnesse\n\nFollow The xx: \nWebsite: http://xxe.ht/ofni\nFacebook: http://xxe.ht/koobecaf\nInstagram: http://xxe.ht/margatsni\nSpotify: http://xxe.ht/yfitops\nTwitter: http://xxe.ht/rettiwt \nSubscribe to their YouTube channel: http://xxe.ht/ebircsbusty\n\nVisit The xx store: http://xxe.ht/pohs\n\nLyrics\nI DON\u2019T BLAME YOU\nWE GOT CARRIED AWAY\nI CAN\u2019T HOLD ON\nTO AN EMPTY SPACE\n\nNOW YOU\u2019VE FOUND A NEW STAR TO ORBIT\nIT COULD BE LOVE\nI THINK YOU\u2019RE TOO SOON TO CALL US OLD\nWHEN AND WHERE DID WE GO COLD\nI THOUGHT I HAD YOU ON HOLD\n\nAND EVERY TIME I LET YOU LEAVE\nI ALWAYS SAW YOU COMING BACK TO ME\nWHEN AND WHERE DID WE GO COLD\nI THOUGHT I HAD YOU ON HOLD\n\nI THOUGHT I HAD YOU ON HOLD\n\nMY YOUNG HEART \nCHOSE TO BELIEVE\nWE WERE DESTINED\nYOUNG HEARTS \nALL NEED LOVE\nCALL IT A LESSON\n\nTHE STARS AND THE CHARTS \nAND THE CARDS MAKE SENSE\nONLY WHEN WE WANT THEM TO\nWHEN I LIE AWAKE STARING IN TO SPACE\nI SEE A DIFFERENT VIEW\n\nNOW YOU\u2019VE FOUND A NEW STAR TO ORBIT\nIT COULD BE LOVE\nI THINK YOU\u2019RE TOO SOON TO CALL US OLD\nWHEN AND WHERE DID WE GO COLD\nI THOUGHT I HAD YOU ON HOLD\n\nAND EVERY TIME I LET YOU LEAVE\nI ALWAYS SAW YOU COMING BACK TO ME\nWHEN AND WHERE DID WE GO COLD\nI THOUGHT I HAD YOU ON HOLD\nI THOUGHT I HAD YOU ON HOLD\nI THOUGHT I HAD YOU ON HOLD\n\nAND EVERY TIME I LET YOU LEAVE\nI ALWAYS SAW YOU COMING BACK TO ME\nWHEN AND WHERE DID WE GO COLD\nI THOUGHT I HAD YOU ON HOLD\nI THOUGHT I HAD YOU ON HOLD\nI THOUGHT I HAD YOU ON HOLD"}, "categoryId": "10", "description": "The xx - On Hold (Official Audio)\nWatch the official music video for \u201cOn Hold,\u201d from the forthcoming album \u2018I See You,\u2019 available January 13th 2017.\nSubscribe to The xx\u2019s channel to stay up to date with all their latest videos.\n\nAND EVERY TIME I LET YOU LEAVE\nI ALWAYS SAW YOU COMING BACK TO ME\nWHEN AND WHERE DID WE GO COLD\nI THOUGHT I HAD YOU ON HOLD\n\nYou can pre-order \u201cI See You\u201d as a download http://smarturl.it/xxeht-tiuoyeesi \nCD: http://smarturl.it/xxeht-zmauoyeesi\nVinyl http://smarturl.it/xxeht-pohsuoyeesi\n\nStream \u201cOn Hold\u201d\nSpotify: http://xxe.ht/psdlohno\nApple Music:http://xxe.ht/madlohno\n\nDownload \"On Hold\"\niTunes: http://xxe.ht/tidlohno\nGoogle Play: http://xxe.ht/pgdlohno\nAmazon: http://xxe.ht/zmadlohno\n\nSee The xx live: http://xxe.ht/ruot\n\nListen to The xx essentials on Spotify: http://xxe.ht/psslaitnesse\n\nFollow The xx: \nWebsite: http://xxe.ht/ofni\nFacebook: http://xxe.ht/koobecaf\nInstagram: http://xxe.ht/margatsni\nSpotify: http://xxe.ht/yfitops\nTwitter: http://xxe.ht/rettiwt \nSubscribe to their YouTube channel: http://xxe.ht/ebircsbusty\n\nVisit The xx store: http://xxe.ht/pohs\n\nLyrics\nI DON\u2019T BLAME YOU\nWE GOT CARRIED AWAY\nI CAN\u2019T HOLD ON\nTO AN EMPTY SPACE\n\nNOW YOU\u2019VE FOUND A NEW STAR TO ORBIT\nIT COULD BE LOVE\nI THINK YOU\u2019RE TOO SOON TO CALL US OLD\nWHEN AND WHERE DID WE GO COLD\nI THOUGHT I HAD YOU ON HOLD\n\nAND EVERY TIME I LET YOU LEAVE\nI ALWAYS SAW YOU COMING BACK TO ME\nWHEN AND WHERE DID WE GO COLD\nI THOUGHT I HAD YOU ON HOLD\n\nI THOUGHT I HAD YOU ON HOLD\n\nMY YOUNG HEART \nCHOSE TO BELIEVE\nWE WERE DESTINED\nYOUNG HEARTS \nALL NEED LOVE\nCALL IT A LESSON\n\nTHE STARS AND THE CHARTS \nAND THE CARDS MAKE SENSE\nONLY WHEN WE WANT THEM TO\nWHEN I LIE AWAKE STARING IN TO SPACE\nI SEE A DIFFERENT VIEW\n\nNOW YOU\u2019VE FOUND A NEW STAR TO ORBIT\nIT COULD BE LOVE\nI THINK YOU\u2019RE TOO SOON TO CALL US OLD\nWHEN AND WHERE DID WE GO COLD\nI THOUGHT I HAD YOU ON HOLD\n\nAND EVERY TIME I LET YOU LEAVE\nI ALWAYS SAW YOU COMING BACK TO ME\nWHEN AND WHERE DID WE GO COLD\nI THOUGHT I HAD YOU ON HOLD\nI THOUGHT I HAD YOU ON HOLD\nI THOUGHT I HAD YOU ON HOLD\n\nAND EVERY TIME I LET YOU LEAVE\nI ALWAYS SAW YOU COMING BACK TO ME\nWHEN AND WHERE DID WE GO COLD\nI THOUGHT I HAD YOU ON HOLD\nI THOUGHT I HAD YOU ON HOLD\nI THOUGHT I HAD YOU ON HOLD", "liveBroadcastContent": "none"}}]