[{"etag": "\"5C5HHOaBSHC5ZXfkrT4ZlRCi01A/bwuVlrUfpn7zLY6Ow0KLT-X3csc\"", "id": "vn-6fiVkAcA", "snippet": {"channelTitle": "BastilleVEVO", "categoryId": "10", "thumbnails": {"medium": {"url": "https://i.ytimg.com/vi/vn-6fiVkAcA/mqdefault.jpg", "height": 180, "width": 320}, "standard": {"url": "https://i.ytimg.com/vi/vn-6fiVkAcA/sddefault.jpg", "height": 480, "width": 640}, "high": {"url": "https://i.ytimg.com/vi/vn-6fiVkAcA/hqdefault.jpg", "height": 360, "width": 480}, "default": {"url": "https://i.ytimg.com/vi/vn-6fiVkAcA/default.jpg", "height": 90, "width": 120}, "maxres": {"url": "https://i.ytimg.com/vi/vn-6fiVkAcA/maxresdefault.jpg", "height": 720, "width": 1280}}, "publishedAt": "2016-09-30T16:00:26.000Z", "channelId": "UCA3nrVC6HlfDs414V_SYlbQ", "description": "\u201cWILD WORLD\u201d is OUT NOW! | Listen and share on Spotify http://po.st/WWsP | Listen and share on Apple Music http://po.st/WWaPP | Download on iTunes http://po.st/WWiT\n\nSay hi to the Bastille Facebook Messenger Bot here for more information on new music from Bastille:http://po.st/BASTILLEBOT\n\nJoin Bastille online:\nhttps://www.facebook.com/bastilleuk\nhttps://twitter.com/bastilledan\nhttp://bastilleuk.tumblr.com/\nhttp://instagram.com/bastilledan/\nhttp://soundcloud.com/bastilleuk\n\nhttp://vevo.ly/DYymoz", "title": "Bastille - Send Them Off!", "tags": ["Bastille", "Send", "Them", "Off!", "Virgin", "Alternative"], "liveBroadcastContent": "none", "localized": {"description": "\u201cWILD WORLD\u201d is OUT NOW! | Listen and share on Spotify http://po.st/WWsP | Listen and share on Apple Music http://po.st/WWaPP | Download on iTunes http://po.st/WWiT\n\nSay hi to the Bastille Facebook Messenger Bot here for more information on new music from Bastille:http://po.st/BASTILLEBOT\n\nJoin Bastille online:\nhttps://www.facebook.com/bastilleuk\nhttps://twitter.com/bastilledan\nhttp://bastilleuk.tumblr.com/\nhttp://instagram.com/bastilledan/\nhttp://soundcloud.com/bastilleuk\n\nhttp://vevo.ly/DYymoz", "title": "Bastille - Send Them Off!"}}, "kind": "youtube#video", "statistics": {"likeCount": "37747", "favoriteCount": "0", "commentCount": "1981", "dislikeCount": "595", "viewCount": "1868696"}}, {"etag": "\"5C5HHOaBSHC5ZXfkrT4ZlRCi01A/xq3FWxQR9aCpEQCOWkwryKzhVd4\"", "id": "MDRdikMNwi8", "snippet": {"defaultAudioLanguage": "en-GB", "channelTitle": "Youngr", "categoryId": "10", "thumbnails": {"medium": {"url": "https://i.ytimg.com/vi/MDRdikMNwi8/mqdefault.jpg", "height": 180, "width": 320}, "standard": {"url": "https://i.ytimg.com/vi/MDRdikMNwi8/sddefault.jpg", "height": 480, "width": 640}, "high": {"url": "https://i.ytimg.com/vi/MDRdikMNwi8/hqdefault.jpg", "height": 360, "width": 480}, "default": {"url": "https://i.ytimg.com/vi/MDRdikMNwi8/default.jpg", "height": 90, "width": 120}, "maxres": {"url": "https://i.ytimg.com/vi/MDRdikMNwi8/maxresdefault.jpg", "height": 720, "width": 1280}}, "publishedAt": "2016-04-28T16:14:12.000Z", "channelId": "UCZ_Io2cHF-aurYaWTCRUx6Q", "description": "'Out Of My System' filmed at The Shell in Hackney.\n\nStream on Spotify: http://sptfy.com/1ksF\n\nPerformed and produced by Youngr using: \nAbleton Live, Roland SPDS-X, Roland A-800 Pro, Korg Pad Control, Akai APC 40 MK2, Novation pad Kontrol, Roland JD-Xi, Roland Vdrum Pads, Yamaha Club Custom Drum Kit, 14\" Slingerland Snare Drum, Sabian HHX Legacy 21\" ride, Sabian HHX Evolution 18\" crash, Sabian 10\" Chopper, Sabian HHX 14\" Hi Hats, Vic Firth 5a's, Fender Squire Guitar, Gretsch bass. \n\n\n\nYoungr\nhttps://facebook.com/youngrofficial\nhttps://twitter.com/youngr_music\nhttps://soundcloud.com/youngr_music\nhttps://instagram.com/youngr_music\nhttps://open.spotify.com/artist/5TrkbV9x6OdTBlzWPJeBz5", "title": "Youngr - Out Of My System", "tags": ["music", "youngroriginals", "boldtendancies", "new video", "new music", "live loop", "onetake", "live", "performance", "flight facilities", "mahogany", "sb.tv", "roland", "sabian", "novation", "original penguin", "out of my system", "bbc introducing", "radio 1", "bbc radio 1"], "liveBroadcastContent": "none", "localized": {"description": "'Out Of My System' filmed at The Shell in Hackney.\n\nStream on Spotify: http://sptfy.com/1ksF\n\nPerformed and produced by Youngr using: \nAbleton Live, Roland SPDS-X, Roland A-800 Pro, Korg Pad Control, Akai APC 40 MK2, Novation pad Kontrol, Roland JD-Xi, Roland Vdrum Pads, Yamaha Club Custom Drum Kit, 14\" Slingerland Snare Drum, Sabian HHX Legacy 21\" ride, Sabian HHX Evolution 18\" crash, Sabian 10\" Chopper, Sabian HHX 14\" Hi Hats, Vic Firth 5a's, Fender Squire Guitar, Gretsch bass. \n\n\n\nYoungr\nhttps://facebook.com/youngrofficial\nhttps://twitter.com/youngr_music\nhttps://soundcloud.com/youngr_music\nhttps://instagram.com/youngr_music\nhttps://open.spotify.com/artist/5TrkbV9x6OdTBlzWPJeBz5", "title": "Youngr - Out Of My System"}}, "kind": "youtube#video", "statistics": {"likeCount": "4255", "favoriteCount": "0", "commentCount": "468", "dislikeCount": "24", "viewCount": "309101"}}, {"etag": "\"5C5HHOaBSHC5ZXfkrT4ZlRCi01A/VAw_smP9rnpmftClGblrqFcWb7c\"", "id": "IeZUJus-Xwk", "snippet": {"channelTitle": "Lykke Li", "categoryId": "10", "thumbnails": {"medium": {"url": "https://i.ytimg.com/vi/IeZUJus-Xwk/mqdefault.jpg", "height": 180, "width": 320}, "standard": {"url": "https://i.ytimg.com/vi/IeZUJus-Xwk/sddefault.jpg", "height": 480, "width": 640}, "high": {"url": "https://i.ytimg.com/vi/IeZUJus-Xwk/hqdefault.jpg", "height": 360, "width": 480}, "default": {"url": "https://i.ytimg.com/vi/IeZUJus-Xwk/default.jpg", "height": 90, "width": 120}, "maxres": {"url": "https://i.ytimg.com/vi/IeZUJus-Xwk/maxresdefault.jpg", "height": 720, "width": 1280}}, "publishedAt": "2016-10-12T11:56:51.000Z", "channelId": "UC1uh3tMXSenbfK6s91MyHZg", "description": "A film by Lykke Li\nCinematography by Marcus&Frode\nPaintings by Malin Gabriella Nordin\nEdited by Meejin Hong\n\nStream and download: https://INGRID.lnk.to/WingsOfLove\n\nliv is the love child of Lykke Li, Andrew Wyatt, Pontus Winnberg, Bj\u00f6rn Yttling and Jeff Bhasker.\n\nhttp://letmeliv.tumblr.com\nhttp://www.ingrd.com", "title": "liv - Wings of Love (Official video)", "tags": ["liv", "wings of love", "lykke li", "andrew wyatt", "pontus winnberg", "bjorn yttling", "jeff bhasker", "miike snow", "peter bjorn and john", "ingrid"], "liveBroadcastContent": "none", "localized": {"description": "A film by Lykke Li\nCinematography by Marcus&Frode\nPaintings by Malin Gabriella Nordin\nEdited by Meejin Hong\n\nStream and download: https://INGRID.lnk.to/WingsOfLove\n\nliv is the love child of Lykke Li, Andrew Wyatt, Pontus Winnberg, Bj\u00f6rn Yttling and Jeff Bhasker.\n\nhttp://letmeliv.tumblr.com\nhttp://www.ingrd.com", "title": "liv - Wings of Love (Official video)"}}, "kind": "youtube#video", "statistics": {"likeCount": "4491", "favoriteCount": "0", "commentCount": "253", "dislikeCount": "69", "viewCount": "249779"}}, {"etag": "\"5C5HHOaBSHC5ZXfkrT4ZlRCi01A/rwE8KHWFCQnu3ilONbF_4QdFucA\"", "id": "HZe2s6ryg04", "snippet": {"channelTitle": "OrangeSkylineVEVO", "categoryId": "10", "thumbnails": {"medium": {"url": "https://i.ytimg.com/vi/HZe2s6ryg04/mqdefault.jpg", "height": 180, "width": 320}, "standard": {"url": "https://i.ytimg.com/vi/HZe2s6ryg04/sddefault.jpg", "height": 480, "width": 640}, "high": {"url": "https://i.ytimg.com/vi/HZe2s6ryg04/hqdefault.jpg", "height": 360, "width": 480}, "default": {"url": "https://i.ytimg.com/vi/HZe2s6ryg04/default.jpg", "height": 90, "width": 120}, "maxres": {"url": "https://i.ytimg.com/vi/HZe2s6ryg04/maxresdefault.jpg", "height": 720, "width": 1280}}, "publishedAt": "2016-11-08T23:01:00.000Z", "channelId": "UCln0N0Ixw1orDVDV30UIyJA", "description": "Spotify: http://open.spotify.com/track/5Xa6fVEsqFPCsyCx2faqS7\niTunes: https://itunes.apple.com/nl/album/things-that-i-hide/id1170073673?ls=1&app=itunes\nDeezer: ttp://www.deezer.com/artist/6565119\n\n2016 Orange Skyline under exclusive license to Caroline Benelux\n\nhttp://vevo.ly/dyJN7l", "title": "Orange Skyline - Sound & Fury", "tags": ["Orange", "Skyline", "Sound", "Fury", "Caroline", "Records", "Pop", "Spotify:"], "liveBroadcastContent": "none", "localized": {"description": "Spotify: http://open.spotify.com/track/5Xa6fVEsqFPCsyCx2faqS7\niTunes: https://itunes.apple.com/nl/album/things-that-i-hide/id1170073673?ls=1&app=itunes\nDeezer: ttp://www.deezer.com/artist/6565119\n\n2016 Orange Skyline under exclusive license to Caroline Benelux\n\nhttp://vevo.ly/dyJN7l", "title": "Orange Skyline - Sound & Fury"}}, "kind": "youtube#video", "statistics": {"likeCount": "73", "favoriteCount": "0", "commentCount": "9", "dislikeCount": "1", "viewCount": "9190"}}, {"etag": "\"5C5HHOaBSHC5ZXfkrT4ZlRCi01A/jCdwBecm-wGRcJ2hM_CD21vtmy8\"", "id": "1_oA9UmRd4I", "snippet": {"channelTitle": "The xx", "categoryId": "10", "thumbnails": {"medium": {"url": "https://i.ytimg.com/vi/1_oA9UmRd4I/mqdefault.jpg", "height": 180, "width": 320}, "standard": {"url": "https://i.ytimg.com/vi/1_oA9UmRd4I/sddefault.jpg", "height": 480, "width": 640}, "high": {"url": "https://i.ytimg.com/vi/1_oA9UmRd4I/hqdefault.jpg", "height": 360, "width": 480}, "default": {"url": "https://i.ytimg.com/vi/1_oA9UmRd4I/default.jpg", "height": 90, "width": 120}}, "publishedAt": "2016-11-10T11:06:40.000Z", "channelId": "UCD53U3HUF8CJW2cRdLzQexQ", "description": "The xx - On Hold (Official Audio)\nWatch the official music video for \u201cOn Hold,\u201d from the forthcoming album \u2018I See You,\u2019 available January 13th 2017.\nSubscribe to The xx\u2019s channel to stay up to date with all their latest videos.\n\nAND EVERY TIME I LET YOU LEAVE\nI ALWAYS SAW YOU COMING BACK TO ME\nWHEN AND WHERE DID WE GO COLD\nI THOUGHT I HAD YOU ON HOLD\n\nYou can pre-order \u201cI See You\u201d as a download http://smarturl.it/xxeht-tiuoyeesi \nCD: http://smarturl.it/xxeht-zmauoyeesi\nVinyl http://smarturl.it/xxeht-pohsuoyeesi\n\nStream \u201cOn Hold\u201d\nSpotify: http://xxe.ht/psdlohno\nApple Music:http://xxe.ht/madlohno\n\nDownload \"On Hold\"\niTunes: http://xxe.ht/tidlohno\nGoogle Play: http://xxe.ht/pgdlohno\nAmazon: http://xxe.ht/zmadlohno\n\nSee The xx live: http://xxe.ht/ruot\n\nListen to The xx essentials on Spotify: http://xxe.ht/psslaitnesse\n\nFollow The xx: \nWebsite: http://xxe.ht/ofni\nFacebook: http://xxe.ht/koobecaf\nInstagram: http://xxe.ht/margatsni\nSpotify: http://xxe.ht/yfitops\nTwitter: http://xxe.ht/rettiwt \nSubscribe to their YouTube channel: http://xxe.ht/ebircsbusty\n\nVisit The xx store: http://xxe.ht/pohs\n\nLyrics\nI DON\u2019T BLAME YOU\nWE GOT CARRIED AWAY\nI CAN\u2019T HOLD ON\nTO AN EMPTY SPACE\n\nNOW YOU\u2019VE FOUND A NEW STAR TO ORBIT\nIT COULD BE LOVE\nI THINK YOU\u2019RE TOO SOON TO CALL US OLD\nWHEN AND WHERE DID WE GO COLD\nI THOUGHT I HAD YOU ON HOLD\n\nAND EVERY TIME I LET YOU LEAVE\nI ALWAYS SAW YOU COMING BACK TO ME\nWHEN AND WHERE DID WE GO COLD\nI THOUGHT I HAD YOU ON HOLD\n\nI THOUGHT I HAD YOU ON HOLD\n\nMY YOUNG HEART \nCHOSE TO BELIEVE\nWE WERE DESTINED\nYOUNG HEARTS \nALL NEED LOVE\nCALL IT A LESSON\n\nTHE STARS AND THE CHARTS \nAND THE CARDS MAKE SENSE\nONLY WHEN WE WANT THEM TO\nWHEN I LIE AWAKE STARING IN TO SPACE\nI SEE A DIFFERENT VIEW\n\nNOW YOU\u2019VE FOUND A NEW STAR TO ORBIT\nIT COULD BE LOVE\nI THINK YOU\u2019RE TOO SOON TO CALL US OLD\nWHEN AND WHERE DID WE GO COLD\nI THOUGHT I HAD YOU ON HOLD\n\nAND EVERY TIME I LET YOU LEAVE\nI ALWAYS SAW YOU COMING BACK TO ME\nWHEN AND WHERE DID WE GO COLD\nI THOUGHT I HAD YOU ON HOLD\nI THOUGHT I HAD YOU ON HOLD\nI THOUGHT I HAD YOU ON HOLD\n\nAND EVERY TIME I LET YOU LEAVE\nI ALWAYS SAW YOU COMING BACK TO ME\nWHEN AND WHERE DID WE GO COLD\nI THOUGHT I HAD YOU ON HOLD\nI THOUGHT I HAD YOU ON HOLD\nI THOUGHT I HAD YOU ON HOLD", "title": "The xx - On Hold (Official Audio)", "tags": ["the xx on hold", "on hold the x x", "the x x on hold", "on hold", "the xx", "on hold the xx", "i see you", "young turks", "the xxs on hold", "the xxs", "the x x", "xx", "onhold", "hold on", "new xx", "the xx new", "on hold xx", "xx on hold", "hold on the xx", "the xx hold", "xx hold on", "the xx i see you", "xx hold", "the xx hold on", "i see you the xx", "thexx", "hold the xx", "snl", "on hold snl", "the xx snl", "snl the xx", "the xx live on snl", "sat night live", "xx on snl", "snl on hold"], "liveBroadcastContent": "none", "localized": {"description": "The xx - On Hold (Official Audio)\nWatch the official music video for \u201cOn Hold,\u201d from the forthcoming album \u2018I See You,\u2019 available January 13th 2017.\nSubscribe to The xx\u2019s channel to stay up to date with all their latest videos.\n\nAND EVERY TIME I LET YOU LEAVE\nI ALWAYS SAW YOU COMING BACK TO ME\nWHEN AND WHERE DID WE GO COLD\nI THOUGHT I HAD YOU ON HOLD\n\nYou can pre-order \u201cI See You\u201d as a download http://smarturl.it/xxeht-tiuoyeesi \nCD: http://smarturl.it/xxeht-zmauoyeesi\nVinyl http://smarturl.it/xxeht-pohsuoyeesi\n\nStream \u201cOn Hold\u201d\nSpotify: http://xxe.ht/psdlohno\nApple Music:http://xxe.ht/madlohno\n\nDownload \"On Hold\"\niTunes: http://xxe.ht/tidlohno\nGoogle Play: http://xxe.ht/pgdlohno\nAmazon: http://xxe.ht/zmadlohno\n\nSee The xx live: http://xxe.ht/ruot\n\nListen to The xx essentials on Spotify: http://xxe.ht/psslaitnesse\n\nFollow The xx: \nWebsite: http://xxe.ht/ofni\nFacebook: http://xxe.ht/koobecaf\nInstagram: http://xxe.ht/margatsni\nSpotify: http://xxe.ht/yfitops\nTwitter: http://xxe.ht/rettiwt \nSubscribe to their YouTube channel: http://xxe.ht/ebircsbusty\n\nVisit The xx store: http://xxe.ht/pohs\n\nLyrics\nI DON\u2019T BLAME YOU\nWE GOT CARRIED AWAY\nI CAN\u2019T HOLD ON\nTO AN EMPTY SPACE\n\nNOW YOU\u2019VE FOUND A NEW STAR TO ORBIT\nIT COULD BE LOVE\nI THINK YOU\u2019RE TOO SOON TO CALL US OLD\nWHEN AND WHERE DID WE GO COLD\nI THOUGHT I HAD YOU ON HOLD\n\nAND EVERY TIME I LET YOU LEAVE\nI ALWAYS SAW YOU COMING BACK TO ME\nWHEN AND WHERE DID WE GO COLD\nI THOUGHT I HAD YOU ON HOLD\n\nI THOUGHT I HAD YOU ON HOLD\n\nMY YOUNG HEART \nCHOSE TO BELIEVE\nWE WERE DESTINED\nYOUNG HEARTS \nALL NEED LOVE\nCALL IT A LESSON\n\nTHE STARS AND THE CHARTS \nAND THE CARDS MAKE SENSE\nONLY WHEN WE WANT THEM TO\nWHEN I LIE AWAKE STARING IN TO SPACE\nI SEE A DIFFERENT VIEW\n\nNOW YOU\u2019VE FOUND A NEW STAR TO ORBIT\nIT COULD BE LOVE\nI THINK YOU\u2019RE TOO SOON TO CALL US OLD\nWHEN AND WHERE DID WE GO COLD\nI THOUGHT I HAD YOU ON HOLD\n\nAND EVERY TIME I LET YOU LEAVE\nI ALWAYS SAW YOU COMING BACK TO ME\nWHEN AND WHERE DID WE GO COLD\nI THOUGHT I HAD YOU ON HOLD\nI THOUGHT I HAD YOU ON HOLD\nI THOUGHT I HAD YOU ON HOLD\n\nAND EVERY TIME I LET YOU LEAVE\nI ALWAYS SAW YOU COMING BACK TO ME\nWHEN AND WHERE DID WE GO COLD\nI THOUGHT I HAD YOU ON HOLD\nI THOUGHT I HAD YOU ON HOLD\nI THOUGHT I HAD YOU ON HOLD", "title": "The xx - On Hold (Official Audio)"}}, "kind": "youtube#video", "statistics": {"likeCount": "35132", "favoriteCount": "0", "commentCount": "1968", "dislikeCount": "1123", "viewCount": "2217442"}}]