[{"kind": "youtube#video", "etag": "\"5C5HHOaBSHC5ZXfkrT4ZlRCi01A/TA2zn90arQGD4d6f_liv3uv28pU\"", "snippet": {"channelId": "UCA3nrVC6HlfDs414V_SYlbQ", "description": "\u201cWILD WORLD\u201d is OUT NOW! | Listen and share on Spotify http://po.st/WWsP | Listen and share on Apple Music http://po.st/WWaPP | Download on iTunes http://po.st/WWiT\n\nSay hi to the Bastille Facebook Messenger Bot here for more information on new music from Bastille:http://po.st/BASTILLEBOT\n\nJoin Bastille online:\nhttps://www.facebook.com/bastilleuk\nhttps://twitter.com/bastilledan\nhttp://bastilleuk.tumblr.com/\nhttp://instagram.com/bastilledan/\nhttp://soundcloud.com/bastilleuk\n\nhttp://vevo.ly/DYymoz", "categoryId": "10", "liveBroadcastContent": "none", "title": "Bastille - Send Them Off!", "thumbnails": {"default": {"url": "https://i.ytimg.com/vi/vn-6fiVkAcA/default.jpg", "width": 120, "height": 90}, "high": {"url": "https://i.ytimg.com/vi/vn-6fiVkAcA/hqdefault.jpg", "width": 480, "height": 360}, "maxres": {"url": "https://i.ytimg.com/vi/vn-6fiVkAcA/maxresdefault.jpg", "width": 1280, "height": 720}, "medium": {"url": "https://i.ytimg.com/vi/vn-6fiVkAcA/mqdefault.jpg", "width": 320, "height": 180}, "standard": {"url": "https://i.ytimg.com/vi/vn-6fiVkAcA/sddefault.jpg", "width": 640, "height": 480}}, "channelTitle": "BastilleVEVO", "tags": ["Bastille", "Send Them Off!", "Bastille Send Them Off", "send them off bastille lyrics", "send them off remix", "send them off lyrics", "send them off bastille live", "send them off live", "send them off bastille fifa 17", "send them off fifa 17", "send them off fifa", "send them off live lounge", "send them off live bastille", "fifa 17", "bastille pompeii", "bastille day", "bastille live lounge", "bastille wild world album", "bastille radio 1 live lounge"], "publishedAt": "2016-09-30T16:00:26.000Z", "localized": {"description": "\u201cWILD WORLD\u201d is OUT NOW! | Listen and share on Spotify http://po.st/WWsP | Listen and share on Apple Music http://po.st/WWaPP | Download on iTunes http://po.st/WWiT\n\nSay hi to the Bastille Facebook Messenger Bot here for more information on new music from Bastille:http://po.st/BASTILLEBOT\n\nJoin Bastille online:\nhttps://www.facebook.com/bastilleuk\nhttps://twitter.com/bastilledan\nhttp://bastilleuk.tumblr.com/\nhttp://instagram.com/bastilledan/\nhttp://soundcloud.com/bastilleuk\n\nhttp://vevo.ly/DYymoz", "title": "Bastille - Send Them Off!"}}, "statistics": {"commentCount": "2025", "viewCount": "1985885", "favoriteCount": "0", "dislikeCount": "616", "likeCount": "38755"}, "id": "vn-6fiVkAcA"}, {"kind": "youtube#video", "etag": "\"5C5HHOaBSHC5ZXfkrT4ZlRCi01A/Vm07I0b9f3_4bUy8DTuOMhCKsP8\"", "snippet": {"channelId": "UCZ_Io2cHF-aurYaWTCRUx6Q", "description": "I'm going on tour again! Buy tickets to my 2017 European tour here: http://bit.ly/YoungrTour2017\n\n'Out Of My System' filmed at The Shell in Hackney.\n\nStream on Spotify: http://sptfy.com/1ksF\n\nPerformed and produced by Youngr using: \nAbleton Live, Roland SPDS-X, Roland A-800 Pro, Korg Pad Control, Akai APC 40 MK2, Novation pad Kontrol, Roland JD-Xi, Roland Vdrum Pads, Yamaha Club Custom Drum Kit, 14\" Slingerland Snare Drum, Sabian HHX Legacy 21\" ride, Sabian HHX Evolution 18\" crash, Sabian 10\" Chopper, Sabian HHX 14\" Hi Hats, Vic Firth 5a's, Fender Squire Guitar, Gretsch bass. \n\n\n\nYoungr\nhttps://facebook.com/youngrofficial\nhttps://twitter.com/youngr_music\nhttps://soundcloud.com/youngr_music\nhttps://instagram.com/youngr_music\nhttps://open.spotify.com/artist/5TrkbV9x6OdTBlzWPJeBz5", "categoryId": "10", "liveBroadcastContent": "none", "title": "Youngr - Out Of My System", "thumbnails": {"default": {"url": "https://i.ytimg.com/vi/MDRdikMNwi8/default.jpg", "width": 120, "height": 90}, "high": {"url": "https://i.ytimg.com/vi/MDRdikMNwi8/hqdefault.jpg", "width": 480, "height": 360}, "maxres": {"url": "https://i.ytimg.com/vi/MDRdikMNwi8/maxresdefault.jpg", "width": 1280, "height": 720}, "medium": {"url": "https://i.ytimg.com/vi/MDRdikMNwi8/mqdefault.jpg", "width": 320, "height": 180}, "standard": {"url": "https://i.ytimg.com/vi/MDRdikMNwi8/sddefault.jpg", "width": 640, "height": 480}}, "channelTitle": "Youngr", "tags": ["music", "youngroriginals", "boldtendancies", "new video", "new music", "live loop", "onetake", "live", "performance", "flight facilities", "mahogany", "sb.tv", "roland", "sabian", "novation", "original penguin", "out of my system", "bbc introducing", "radio 1", "bbc radio 1"], "defaultAudioLanguage": "en-GB", "publishedAt": "2016-04-28T16:14:12.000Z", "localized": {"description": "I'm going on tour again! Buy tickets to my 2017 European tour here: http://bit.ly/YoungrTour2017\n\n'Out Of My System' filmed at The Shell in Hackney.\n\nStream on Spotify: http://sptfy.com/1ksF\n\nPerformed and produced by Youngr using: \nAbleton Live, Roland SPDS-X, Roland A-800 Pro, Korg Pad Control, Akai APC 40 MK2, Novation pad Kontrol, Roland JD-Xi, Roland Vdrum Pads, Yamaha Club Custom Drum Kit, 14\" Slingerland Snare Drum, Sabian HHX Legacy 21\" ride, Sabian HHX Evolution 18\" crash, Sabian 10\" Chopper, Sabian HHX 14\" Hi Hats, Vic Firth 5a's, Fender Squire Guitar, Gretsch bass. \n\n\n\nYoungr\nhttps://facebook.com/youngrofficial\nhttps://twitter.com/youngr_music\nhttps://soundcloud.com/youngr_music\nhttps://instagram.com/youngr_music\nhttps://open.spotify.com/artist/5TrkbV9x6OdTBlzWPJeBz5", "title": "Youngr - Out Of My System"}}, "statistics": {"commentCount": "471", "viewCount": "315521", "favoriteCount": "0", "dislikeCount": "24", "likeCount": "4326"}, "id": "MDRdikMNwi8"}, {"kind": "youtube#video", "etag": "\"5C5HHOaBSHC5ZXfkrT4ZlRCi01A/viqEh86ucUb9gmiYnaA-JlZpLkM\"", "snippet": {"channelId": "UC1uh3tMXSenbfK6s91MyHZg", "description": "A film by Lykke Li\nCinematography by Marcus&Frode\nPaintings by Malin Gabriella Nordin\nEdited by Meejin Hong\n\nStream and download: https://INGRID.lnk.to/WingsOfLove\n\nliv is the love child of Lykke Li, Andrew Wyatt, Pontus Winnberg, Bj\u00f6rn Yttling and Jeff Bhasker.\n\nhttp://letmeliv.tumblr.com\nhttp://www.ingrd.com", "categoryId": "10", "liveBroadcastContent": "none", "title": "liv - Wings of Love (Official video)", "thumbnails": {"default": {"url": "https://i.ytimg.com/vi/IeZUJus-Xwk/default.jpg", "width": 120, "height": 90}, "high": {"url": "https://i.ytimg.com/vi/IeZUJus-Xwk/hqdefault.jpg", "width": 480, "height": 360}, "maxres": {"url": "https://i.ytimg.com/vi/IeZUJus-Xwk/maxresdefault.jpg", "width": 1280, "height": 720}, "medium": {"url": "https://i.ytimg.com/vi/IeZUJus-Xwk/mqdefault.jpg", "width": 320, "height": 180}, "standard": {"url": "https://i.ytimg.com/vi/IeZUJus-Xwk/sddefault.jpg", "width": 640, "height": 480}}, "channelTitle": "Lykke Li", "tags": ["liv", "wings of love", "lykke li", "andrew wyatt", "pontus winnberg", "bjorn yttling", "jeff bhasker", "miike snow", "peter bjorn and john", "ingrid"], "publishedAt": "2016-10-12T11:56:51.000Z", "localized": {"description": "A film by Lykke Li\nCinematography by Marcus&Frode\nPaintings by Malin Gabriella Nordin\nEdited by Meejin Hong\n\nStream and download: https://INGRID.lnk.to/WingsOfLove\n\nliv is the love child of Lykke Li, Andrew Wyatt, Pontus Winnberg, Bj\u00f6rn Yttling and Jeff Bhasker.\n\nhttp://letmeliv.tumblr.com\nhttp://www.ingrd.com", "title": "liv - Wings of Love (Official video)"}}, "statistics": {"commentCount": "259", "viewCount": "257389", "favoriteCount": "0", "dislikeCount": "72", "likeCount": "4609"}, "id": "IeZUJus-Xwk"}, {"kind": "youtube#video", "etag": "\"5C5HHOaBSHC5ZXfkrT4ZlRCi01A/whZXi9492RSi8zRcucW39eBa6yg\"", "snippet": {"channelId": "UCln0N0Ixw1orDVDV30UIyJA", "description": "Spotify: http://open.spotify.com/track/5Xa6fVEsqFPCsyCx2faqS7\niTunes: https://itunes.apple.com/nl/album/things-that-i-hide/id1170073673?ls=1&app=itunes\nDeezer: ttp://www.deezer.com/artist/6565119\n\n2016 Orange Skyline under exclusive license to Caroline Benelux\n\nhttp://vevo.ly/dyJN7l", "categoryId": "10", "liveBroadcastContent": "none", "title": "Orange Skyline - Sound & Fury", "thumbnails": {"default": {"url": "https://i.ytimg.com/vi/HZe2s6ryg04/default.jpg", "width": 120, "height": 90}, "high": {"url": "https://i.ytimg.com/vi/HZe2s6ryg04/hqdefault.jpg", "width": 480, "height": 360}, "maxres": {"url": "https://i.ytimg.com/vi/HZe2s6ryg04/maxresdefault.jpg", "width": 1280, "height": 720}, "medium": {"url": "https://i.ytimg.com/vi/HZe2s6ryg04/mqdefault.jpg", "width": 320, "height": 180}, "standard": {"url": "https://i.ytimg.com/vi/HZe2s6ryg04/sddefault.jpg", "width": 640, "height": 480}}, "channelTitle": "OrangeSkylineVEVO", "tags": ["Orange", "Skyline", "Sound", "Fury", "Caroline", "Records", "Pop", "Spotify:"], "publishedAt": "2016-11-08T23:01:00.000Z", "localized": {"description": "Spotify: http://open.spotify.com/track/5Xa6fVEsqFPCsyCx2faqS7\niTunes: https://itunes.apple.com/nl/album/things-that-i-hide/id1170073673?ls=1&app=itunes\nDeezer: ttp://www.deezer.com/artist/6565119\n\n2016 Orange Skyline under exclusive license to Caroline Benelux\n\nhttp://vevo.ly/dyJN7l", "title": "Orange Skyline - Sound & Fury"}}, "statistics": {"commentCount": "7", "viewCount": "10324", "favoriteCount": "0", "dislikeCount": "2", "likeCount": "84"}, "id": "HZe2s6ryg04"}, {"kind": "youtube#video", "etag": "\"5C5HHOaBSHC5ZXfkrT4ZlRCi01A/uDKP9UTjRmfCBCRbn8Enc9AjMf8\"", "snippet": {"channelId": "UCD53U3HUF8CJW2cRdLzQexQ", "description": "The xx - On Hold (Official Audio)\nWatch the official music video for \u201cOn Hold,\u201d from the forthcoming album \u2018I See You,\u2019 available January 13th 2017.\nSubscribe to The xx\u2019s channel to stay up to date with all their latest videos.\n\nAND EVERY TIME I LET YOU LEAVE\nI ALWAYS SAW YOU COMING BACK TO ME\nWHEN AND WHERE DID WE GO COLD\nI THOUGHT I HAD YOU ON HOLD\n\nYou can pre-order \u201cI See You\u201d as a download http://smarturl.it/xxeht-tiuoyeesi \nCD: http://smarturl.it/xxeht-zmauoyeesi\nVinyl http://smarturl.it/xxeht-pohsuoyeesi\n\nStream \u201cOn Hold\u201d\nSpotify: http://xxe.ht/psdlohno\nApple Music:http://xxe.ht/madlohno\n\nDownload \"On Hold\"\niTunes: http://xxe.ht/tidlohno\nGoogle Play: http://xxe.ht/pgdlohno\nAmazon: http://xxe.ht/zmadlohno\n\nSee The xx live: http://xxe.ht/ruot\n\nListen to The xx essentials on Spotify: http://xxe.ht/psslaitnesse\n\nFollow The xx: \nWebsite: http://xxe.ht/ofni\nFacebook: http://xxe.ht/koobecaf\nInstagram: http://xxe.ht/margatsni\nSpotify: http://xxe.ht/yfitops\nTwitter: http://xxe.ht/rettiwt \nSubscribe to their YouTube channel: http://xxe.ht/ebircsbusty\n\nVisit The xx store: http://xxe.ht/pohs\n\nLyrics\nI DON\u2019T BLAME YOU\nWE GOT CARRIED AWAY\nI CAN\u2019T HOLD ON\nTO AN EMPTY SPACE\n\nNOW YOU\u2019VE FOUND A NEW STAR TO ORBIT\nIT COULD BE LOVE\nI THINK YOU\u2019RE TOO SOON TO CALL US OLD\nWHEN AND WHERE DID WE GO COLD\nI THOUGHT I HAD YOU ON HOLD\n\nAND EVERY TIME I LET YOU LEAVE\nI ALWAYS SAW YOU COMING BACK TO ME\nWHEN AND WHERE DID WE GO COLD\nI THOUGHT I HAD YOU ON HOLD\n\nI THOUGHT I HAD YOU ON HOLD\n\nMY YOUNG HEART \nCHOSE TO BELIEVE\nWE WERE DESTINED\nYOUNG HEARTS \nALL NEED LOVE\nCALL IT A LESSON\n\nTHE STARS AND THE CHARTS \nAND THE CARDS MAKE SENSE\nONLY WHEN WE WANT THEM TO\nWHEN I LIE AWAKE STARING IN TO SPACE\nI SEE A DIFFERENT VIEW\n\nNOW YOU\u2019VE FOUND A NEW STAR TO ORBIT\nIT COULD BE LOVE\nI THINK YOU\u2019RE TOO SOON TO CALL US OLD\nWHEN AND WHERE DID WE GO COLD\nI THOUGHT I HAD YOU ON HOLD\n\nAND EVERY TIME I LET YOU LEAVE\nI ALWAYS SAW YOU COMING BACK TO ME\nWHEN AND WHERE DID WE GO COLD\nI THOUGHT I HAD YOU ON HOLD\nI THOUGHT I HAD YOU ON HOLD\nI THOUGHT I HAD YOU ON HOLD\n\nAND EVERY TIME I LET YOU LEAVE\nI ALWAYS SAW YOU COMING BACK TO ME\nWHEN AND WHERE DID WE GO COLD\nI THOUGHT I HAD YOU ON HOLD\nI THOUGHT I HAD YOU ON HOLD\nI THOUGHT I HAD YOU ON HOLD", "categoryId": "10", "liveBroadcastContent": "none", "title": "The xx - On Hold (Official Audio)", "thumbnails": {"default": {"url": "https://i.ytimg.com/vi/1_oA9UmRd4I/default.jpg", "width": 120, "height": 90}, "high": {"url": "https://i.ytimg.com/vi/1_oA9UmRd4I/hqdefault.jpg", "width": 480, "height": 360}, "medium": {"url": "https://i.ytimg.com/vi/1_oA9UmRd4I/mqdefault.jpg", "width": 320, "height": 180}, "standard": {"url": "https://i.ytimg.com/vi/1_oA9UmRd4I/sddefault.jpg", "width": 640, "height": 480}}, "channelTitle": "The xx", "tags": ["the xx on hold", "on hold the x x", "the x x on hold", "on hold", "the xx", "on hold the xx", "i see you", "young turks", "the xxs on hold", "the xxs", "the x x", "xx", "onhold", "hold on", "new xx", "the xx new", "on hold xx", "xx on hold", "hold on the xx", "the xx hold", "xx hold on", "the xx i see you", "xx hold", "the xx hold on", "i see you the xx", "thexx", "hold the xx", "snl", "on hold snl", "the xx snl", "snl the xx", "the xx live on snl", "sat night live", "xx on snl", "snl on hold"], "publishedAt": "2016-11-10T11:06:40.000Z", "localized": {"description": "The xx - On Hold (Official Audio)\nWatch the official music video for \u201cOn Hold,\u201d from the forthcoming album \u2018I See You,\u2019 available January 13th 2017.\nSubscribe to The xx\u2019s channel to stay up to date with all their latest videos.\n\nAND EVERY TIME I LET YOU LEAVE\nI ALWAYS SAW YOU COMING BACK TO ME\nWHEN AND WHERE DID WE GO COLD\nI THOUGHT I HAD YOU ON HOLD\n\nYou can pre-order \u201cI See You\u201d as a download http://smarturl.it/xxeht-tiuoyeesi \nCD: http://smarturl.it/xxeht-zmauoyeesi\nVinyl http://smarturl.it/xxeht-pohsuoyeesi\n\nStream \u201cOn Hold\u201d\nSpotify: http://xxe.ht/psdlohno\nApple Music:http://xxe.ht/madlohno\n\nDownload \"On Hold\"\niTunes: http://xxe.ht/tidlohno\nGoogle Play: http://xxe.ht/pgdlohno\nAmazon: http://xxe.ht/zmadlohno\n\nSee The xx live: http://xxe.ht/ruot\n\nListen to The xx essentials on Spotify: http://xxe.ht/psslaitnesse\n\nFollow The xx: \nWebsite: http://xxe.ht/ofni\nFacebook: http://xxe.ht/koobecaf\nInstagram: http://xxe.ht/margatsni\nSpotify: http://xxe.ht/yfitops\nTwitter: http://xxe.ht/rettiwt \nSubscribe to their YouTube channel: http://xxe.ht/ebircsbusty\n\nVisit The xx store: http://xxe.ht/pohs\n\nLyrics\nI DON\u2019T BLAME YOU\nWE GOT CARRIED AWAY\nI CAN\u2019T HOLD ON\nTO AN EMPTY SPACE\n\nNOW YOU\u2019VE FOUND A NEW STAR TO ORBIT\nIT COULD BE LOVE\nI THINK YOU\u2019RE TOO SOON TO CALL US OLD\nWHEN AND WHERE DID WE GO COLD\nI THOUGHT I HAD YOU ON HOLD\n\nAND EVERY TIME I LET YOU LEAVE\nI ALWAYS SAW YOU COMING BACK TO ME\nWHEN AND WHERE DID WE GO COLD\nI THOUGHT I HAD YOU ON HOLD\n\nI THOUGHT I HAD YOU ON HOLD\n\nMY YOUNG HEART \nCHOSE TO BELIEVE\nWE WERE DESTINED\nYOUNG HEARTS \nALL NEED LOVE\nCALL IT A LESSON\n\nTHE STARS AND THE CHARTS \nAND THE CARDS MAKE SENSE\nONLY WHEN WE WANT THEM TO\nWHEN I LIE AWAKE STARING IN TO SPACE\nI SEE A DIFFERENT VIEW\n\nNOW YOU\u2019VE FOUND A NEW STAR TO ORBIT\nIT COULD BE LOVE\nI THINK YOU\u2019RE TOO SOON TO CALL US OLD\nWHEN AND WHERE DID WE GO COLD\nI THOUGHT I HAD YOU ON HOLD\n\nAND EVERY TIME I LET YOU LEAVE\nI ALWAYS SAW YOU COMING BACK TO ME\nWHEN AND WHERE DID WE GO COLD\nI THOUGHT I HAD YOU ON HOLD\nI THOUGHT I HAD YOU ON HOLD\nI THOUGHT I HAD YOU ON HOLD\n\nAND EVERY TIME I LET YOU LEAVE\nI ALWAYS SAW YOU COMING BACK TO ME\nWHEN AND WHERE DID WE GO COLD\nI THOUGHT I HAD YOU ON HOLD\nI THOUGHT I HAD YOU ON HOLD\nI THOUGHT I HAD YOU ON HOLD", "title": "The xx - On Hold (Official Audio)"}}, "statistics": {"commentCount": "1781", "viewCount": "2721254", "favoriteCount": "0", "dislikeCount": "1290", "likeCount": "38682"}, "id": "1_oA9UmRd4I"}, {"kind": "youtube#video", "etag": "\"5C5HHOaBSHC5ZXfkrT4ZlRCi01A/RMMBDpk-teh_jZv1oNS5BHEXuJk\"", "snippet": {"channelId": "UCXL54tKCl5PgvavxVH0_yoA", "description": "DJ/producer duo Sigma release their music video for their latest track \u201cFind Me,\u201d featuring powerful, heartfelt vocals by Grammy nominated Birdy who sold 10 million records with her platinum single \u201cSkinny Love.\u201d The video follows Stranger Things\u2019 Millie Bobby Brown on an emotional journey through a busting city. \u201cFind Me\u201d was directed by Christopher Sims, who is best known for his work with stars like Usher, Ludacris, David Guetta, and more. \n\"Find Me\" is available now:\nSpotify: http://po.st/FindMeSpotify\nApple Music: http://po.st/FindMeApple\niTunes: http://po.st/FindMeITunes\nFollow Sigma:\nhttps://twitter.com/sigmahq\nhttps://www.facebook.com/sigma\nhttps://soundcloud.com/sigmahq\nhttps://www.instagram.com/sigma\nhttp://www.sigmahq.com/", "categoryId": "10", "liveBroadcastContent": "none", "title": "Sigma - Find Me ft. Birdy", "thumbnails": {"default": {"url": "https://i.ytimg.com/vi/Ec92Wa8zJs8/default.jpg", "width": 120, "height": 90}, "high": {"url": "https://i.ytimg.com/vi/Ec92Wa8zJs8/hqdefault.jpg", "width": 480, "height": 360}, "medium": {"url": "https://i.ytimg.com/vi/Ec92Wa8zJs8/mqdefault.jpg", "width": 320, "height": 180}, "standard": {"url": "https://i.ytimg.com/vi/Ec92Wa8zJs8/sddefault.jpg", "width": 640, "height": 480}}, "channelTitle": "SigmaVEVO", "tags": ["Sigma", "Find", "Me", "Universal", "Music", "Club/Dance", "Electronic"], "publishedAt": "2016-11-04T00:01:30.000Z", "localized": {"description": "DJ/producer duo Sigma release their music video for their latest track \u201cFind Me,\u201d featuring powerful, heartfelt vocals by Grammy nominated Birdy who sold 10 million records with her platinum single \u201cSkinny Love.\u201d The video follows Stranger Things\u2019 Millie Bobby Brown on an emotional journey through a busting city. \u201cFind Me\u201d was directed by Christopher Sims, who is best known for his work with stars like Usher, Ludacris, David Guetta, and more. \n\"Find Me\" is available now:\nSpotify: http://po.st/FindMeSpotify\nApple Music: http://po.st/FindMeApple\niTunes: http://po.st/FindMeITunes\nFollow Sigma:\nhttps://twitter.com/sigmahq\nhttps://www.facebook.com/sigma\nhttps://soundcloud.com/sigmahq\nhttps://www.instagram.com/sigma\nhttp://www.sigmahq.com/", "title": "Sigma - Find Me ft. Birdy"}}, "statistics": {"commentCount": "6248", "viewCount": "5284158", "favoriteCount": "0", "dislikeCount": "2085", "likeCount": "130699"}, "id": "Ec92Wa8zJs8"}]