[{"etag": "\"sZ5p5Mo8dPpfIzLYQBF8QIQJym0/SOG5DxAu-IJ8JjuDmq2y35PGAX4\"", "id": "u7s3YJzq8XY", "statistics": {"favoriteCount": "0", "commentCount": "1785", "viewCount": "11256333", "dislikeCount": "2108", "likeCount": "96680"}, "kind": "youtube#video", "snippet": {"description": "Official video for Fais & Afrojack \u2013 Used To Have It All\n\nUsed To Have It All Buy link: http://afrojack.lnk.to/UTHIA\n\nFacebook: http://www.facebook.com/faismusicworld\nTwitter: http://www.twitter.com/faismusic\nVEVO: http://www.vevo.com/artist/fais\nInstagram: http://www.instagram.com/faismusic\nSnapchat: faismusic \n\nWebsite: http://www.afrojack.com \nFacebook: http://www.facebook.com/djafrojack \nTwitter: http://www.twitter.com/afrojack \nVEVO: http://www.vevo.com/artist/afrojack\nSoundcloud: http://www.soundcloud.com/afrojack \nInstagram: http://www.instagram.com/afrojack \nSnapchat: https://www.snapchat.com/add/Afrojack\n\nhttp://vevo.ly/gj59DM", "title": "Fais & Afrojack - Used To Have It All (Official Video)", "publishedAt": "2016-10-14T07:00:01.000Z", "tags": ["Fais", "Afrojack", "Used", "To", "Have", "It", "All", "Universal", "Music", "Dance"], "channelId": "UChuZAo1RKL85gev3Eal9_zg", "localized": {"description": "Official video for Fais & Afrojack \u2013 Used To Have It All\n\nUsed To Have It All Buy link: http://afrojack.lnk.to/UTHIA\n\nFacebook: http://www.facebook.com/faismusicworld\nTwitter: http://www.twitter.com/faismusic\nVEVO: http://www.vevo.com/artist/fais\nInstagram: http://www.instagram.com/faismusic\nSnapchat: faismusic \n\nWebsite: http://www.afrojack.com \nFacebook: http://www.facebook.com/djafrojack \nTwitter: http://www.twitter.com/afrojack \nVEVO: http://www.vevo.com/artist/afrojack\nSoundcloud: http://www.soundcloud.com/afrojack \nInstagram: http://www.instagram.com/afrojack \nSnapchat: https://www.snapchat.com/add/Afrojack\n\nhttp://vevo.ly/gj59DM", "title": "Fais & Afrojack - Used To Have It All (Official Video)"}, "categoryId": "10", "thumbnails": {"high": {"height": 360, "url": "https://i.ytimg.com/vi/u7s3YJzq8XY/hqdefault.jpg", "width": 480}, "maxres": {"height": 720, "url": "https://i.ytimg.com/vi/u7s3YJzq8XY/maxresdefault.jpg", "width": 1280}, "default": {"height": 90, "url": "https://i.ytimg.com/vi/u7s3YJzq8XY/default.jpg", "width": 120}, "medium": {"height": 180, "url": "https://i.ytimg.com/vi/u7s3YJzq8XY/mqdefault.jpg", "width": 320}, "standard": {"height": 480, "url": "https://i.ytimg.com/vi/u7s3YJzq8XY/sddefault.jpg", "width": 640}}, "liveBroadcastContent": "none", "channelTitle": "AfrojackVEVO"}}, {"etag": "\"sZ5p5Mo8dPpfIzLYQBF8QIQJym0/_rLZcyedbeNtlMUkpO1U1zdHhig\"", "id": "HVGzOg333CI", "statistics": {"favoriteCount": "0", "commentCount": "328", "viewCount": "163210", "dislikeCount": "40", "likeCount": "1241"}, "kind": "youtube#video", "snippet": {"description": "4U treedt voor het eerst op in hun uiteindelijke samenstelling: Luca, Tiago, Toon en Jaimy. Ze knallen van het podium met hun eigen single.\n\nTHE NEXT BOY/GIRL BAND | ELKE VRIJDAG OM 20.30 | SBS6\n\nVOLG ONS OP SOCIAL MEDIA\nInstagram :: http://instagram.com/thenextboygirlband\nFacebook :: http://facebook.com/thenextboygirlband\nWebsite :: http://sbs6.nl/thenextboygirlband\n\nVOLG DE BANDS\nBOYS :: http://instagram.com/nextboyband\nGIRLS :: http://instagram.com/nextgirlband", "title": "DIT IS 4U MET 'BITTER TASTE' \u2013 The Next Boy/Girl Band", "publishedAt": "2016-10-14T20:53:07.000Z", "tags": ["The Next Boy/Girl Band", "Boy Band", "Girl Band", "Boyband", "Girlband", "SBS6", "audities", "playback", "dans", "dance", "looks", "zingen", "performance", "Tim Douwsma", "Nicolette van Dam", "Nick Schilder", "Nick en Simon", "Sharon Doorson", "Pip Pellens", "Tony van de Berkt", "John Ewbank", "Babette Labeij", "Blonde Tigers", "Elise", "Vita"], "channelId": "UCvr8KpVXM88kruI2ngtjOmA", "localized": {"description": "4U treedt voor het eerst op in hun uiteindelijke samenstelling: Luca, Tiago, Toon en Jaimy. Ze knallen van het podium met hun eigen single.\n\nTHE NEXT BOY/GIRL BAND | ELKE VRIJDAG OM 20.30 | SBS6\n\nVOLG ONS OP SOCIAL MEDIA\nInstagram :: http://instagram.com/thenextboygirlband\nFacebook :: http://facebook.com/thenextboygirlband\nWebsite :: http://sbs6.nl/thenextboygirlband\n\nVOLG DE BANDS\nBOYS :: http://instagram.com/nextboyband\nGIRLS :: http://instagram.com/nextgirlband", "title": "DIT IS 4U MET 'BITTER TASTE' \u2013 The Next Boy/Girl Band"}, "categoryId": "24", "thumbnails": {"high": {"height": 360, "url": "https://i.ytimg.com/vi/HVGzOg333CI/hqdefault.jpg", "width": 480}, "maxres": {"height": 720, "url": "https://i.ytimg.com/vi/HVGzOg333CI/maxresdefault.jpg", "width": 1280}, "default": {"height": 90, "url": "https://i.ytimg.com/vi/HVGzOg333CI/default.jpg", "width": 120}, "medium": {"height": 180, "url": "https://i.ytimg.com/vi/HVGzOg333CI/mqdefault.jpg", "width": 320}, "standard": {"height": 480, "url": "https://i.ytimg.com/vi/HVGzOg333CI/sddefault.jpg", "width": 640}}, "liveBroadcastContent": "none", "channelTitle": "The Next Boy/Girl Band"}}, {"etag": "\"sZ5p5Mo8dPpfIzLYQBF8QIQJym0/QZrjdfHJtonK-HHiJTzrudvftQE\"", "id": "Y5w3Dvtw3Ps", "statistics": {"favoriteCount": "0", "commentCount": "140", "viewCount": "220095", "dislikeCount": "27", "likeCount": "1565"}, "kind": "youtube#video", "snippet": {"description": "Music: \u2018Sorry\u2019, taken from the album \u2018Control\u2019\n\nBuy, download or listen here: https://umusicnl.lnk.to/KensingtonControl\n \nFacebook \u2013 https://www.facebook.com/kensingtonband\nTwitter \u2013 https://twitter.com/kensingtonband\nInstagram \u2013 https://www.instagram.com/kensingtonband/\nWebsite \u2013 http://www.kensingtonband.com/\n \nP&C 2016 Kensington Records, under exclusive license to Universal Music BV\n\nLyrics\nSorry for the road that I won\u2019t take\nFor the words that I won\u2019t say\nFor the love that I won\u2019t give\n\nSorry for the heart that I won\u2019t show\nFor the lengths that I won\u2019t go\nFor the life that you won\u2019t live\n\nSorry that I opened up my arms\nYou would never reach in time \nBefore they closed again\n\nYou will forget\nAnd I won\u2019t remember it\nWhen all I ever did was race in circles\nYou will forget \nAnd all there\u2019s left will be\nA faded memory\nA dream you woke up from\n\nSorry for the oath that I won\u2019t take\nFor the vows that I will break\nFor the role that I won\u2019t play\n\nSorry that I\u2019m raising up my walls\nAnd whenever you reached over\nYou are thrown back to the start\n\nYou will forget\nAnd I won\u2019t remember it\nWhen all I ever did was race in circles\nYou will forget \nAnd all there\u2019s left will be\nA faded memory\nA dream you woke up from\n\nFrom the colour I would bring\nTo ending up again\nOpening darkness \nI wanted to hold you back from\n\nhttp://vevo.ly/b7IUoO", "title": "Kensington - Sorry (official audio)", "publishedAt": "2016-10-27T22:15:01.000Z", "tags": ["Kensington", "Sorry", "Universal", "Music", "Rock"], "channelId": "UCZIVbV2HOPTsqxo6KXU_5pA", "localized": {"description": "Music: \u2018Sorry\u2019, taken from the album \u2018Control\u2019\n\nBuy, download or listen here: https://umusicnl.lnk.to/KensingtonControl\n \nFacebook \u2013 https://www.facebook.com/kensingtonband\nTwitter \u2013 https://twitter.com/kensingtonband\nInstagram \u2013 https://www.instagram.com/kensingtonband/\nWebsite \u2013 http://www.kensingtonband.com/\n \nP&C 2016 Kensington Records, under exclusive license to Universal Music BV\n\nLyrics\nSorry for the road that I won\u2019t take\nFor the words that I won\u2019t say\nFor the love that I won\u2019t give\n\nSorry for the heart that I won\u2019t show\nFor the lengths that I won\u2019t go\nFor the life that you won\u2019t live\n\nSorry that I opened up my arms\nYou would never reach in time \nBefore they closed again\n\nYou will forget\nAnd I won\u2019t remember it\nWhen all I ever did was race in circles\nYou will forget \nAnd all there\u2019s left will be\nA faded memory\nA dream you woke up from\n\nSorry for the oath that I won\u2019t take\nFor the vows that I will break\nFor the role that I won\u2019t play\n\nSorry that I\u2019m raising up my walls\nAnd whenever you reached over\nYou are thrown back to the start\n\nYou will forget\nAnd I won\u2019t remember it\nWhen all I ever did was race in circles\nYou will forget \nAnd all there\u2019s left will be\nA faded memory\nA dream you woke up from\n\nFrom the colour I would bring\nTo ending up again\nOpening darkness \nI wanted to hold you back from\n\nhttp://vevo.ly/b7IUoO", "title": "Kensington - Sorry (official audio)"}, "categoryId": "10", "thumbnails": {"high": {"height": 360, "url": "https://i.ytimg.com/vi/Y5w3Dvtw3Ps/hqdefault.jpg", "width": 480}, "maxres": {"height": 720, "url": "https://i.ytimg.com/vi/Y5w3Dvtw3Ps/maxresdefault.jpg", "width": 1280}, "default": {"height": 90, "url": "https://i.ytimg.com/vi/Y5w3Dvtw3Ps/default.jpg", "width": 120}, "medium": {"height": 180, "url": "https://i.ytimg.com/vi/Y5w3Dvtw3Ps/mqdefault.jpg", "width": 320}, "standard": {"height": 480, "url": "https://i.ytimg.com/vi/Y5w3Dvtw3Ps/sddefault.jpg", "width": 640}}, "liveBroadcastContent": "none", "channelTitle": "KensingtonVEVO"}}, {"etag": "\"sZ5p5Mo8dPpfIzLYQBF8QIQJym0/0Y8Q1nCLi9r0H6R8f-OVUF5rOgw\"", "id": "papuvlVeZg8", "statistics": {"favoriteCount": "0", "commentCount": "8170", "viewCount": "19982266", "dislikeCount": "3843", "likeCount": "241689"}, "kind": "youtube#video", "snippet": {"description": "Download or stream now at: https://atlanti.cr/rockabye\n\nHere is the official video for our new single 'Rockabye' featuring Sean Paul & Anne-Marie - out now.\n\nClick here to subscribe: http://bit.ly/SubscribeToCleanBandit\n\nFollow us:\nWebsite: http://cleanbandit.co.uk/\nFacebook: http://www.facebook.com/cleanbandit \nTwitter: http://www.twitter.com/cleanbandit \nInstagram: http://instagram.com/cleanbandit\nSoundcloud: http://www.soundcloud.com/cleanbandit\nSpotify: http://www.atlre.co.uk/CleanBanditSpotify\n\nDIRECTOR: Grace Chatto\nDIRECTOR: Jack Patterson\nCOMMISSIONER: Dan Curwin\nEXECUTIVE PRODUCER: Claire Stubbs\nPRODUCER: Amber Millington\nPRODUCTION MANAGER: Lucy Rogers\nPRODUCTION ASSISTANT: Theo Cassels\nPRODUCTION RUNNERS: Tabby O\u2019 Neil/Joe Browne/Martine Skogsta\n\nDOP: Anna Patarakina\nDOP: Darya Geller\n1st AC: Thomas Nicholson\n2nd AC: William Gardner\n2nd AC: Chris Rogers\n1st AD: Ezra Sumner\n2nd AD: Sam Breslin\nDATA WRANGLER (DIT): Chris Day\nCAMERA CAR: Nick Rogers\nSTEADICAM: Josh Brooks\nGAFFER: Rik Burnell\nELECTRICIANS:\nVincent Edwards\nRyan Monteith\nMark Stuart\nART DIRECTOR: Maz Staruch\nART DIRECTORS ASSISTANT: Hannah Sharp\nSTYLIST (Clean Bandit): Aimee Croysdill\nSTYLING ASSISTANT (Clean Bandit): Sophie Shapland\nMAKE UP ARTIST (Clean Bandit): Lucy Pearson\nMUA (CLEAN BANDIT): Elaine Lynskey\nHAIR (Clean Bandit): Narad Kutowaroo\nHAIR ASSISTANT: Michelle Burke\nSTYLIST (Sean Paul & Extras): Jaime Jarvis\nMAKE UP (Extras & Cast): Kaleigh O'Donovan\nSTYLIST (Anne Marie): Jeanie Annan-lewin\nHAIR (Anne Marie): Cinta\nMAKE UP ARTIST (Anne Marie): Maria Asadi\n\nEdit: Final Cut London\nEditor: Nikki Porter\nEdit Assistant: Mike Radforth\nEdit Producers: Laura Harris and Frankie Elster\nVFX/Grade: MPC London\nVFX Team: Danit Klibansky/Byron Woofinden/Bevis Jones\n\nColourist: Eva Pomposo\nVFX Producer: Edwin Elkington\n\nDancers:\nSiriana Mecca (trainer)\nRita Maria Conte (dancer)\nNife agunbiade\nAlicja Blachut\nJoanne Elizz\n\nPRODUCTION: SPAIN\n\nProducer Sur Film: Laura M. Diez \nProduction Manager: Eduard Rabasco \nLocation Manager: Leila Cherifi \nUK crew Driver: Agus Fracarossi \nSpanish Crew Driver: Fabian Kr\u00e4mer \nBand & stylist Driver: Sergi Suarez \nFocus Puller: Antonio Urquijo \nDATA: Pablo de Val \nCamera Truck Driver: Joaquin Calles\nMake Up: Alba Pesas\nPilot: David Ferr\u00e9 \nOperator: Xavi Fort \nAssistant: Xavi Guillem\nOperator: Liam Dalmau\n\nCast:\nElijah Dallen (young Boy)\nRayden Hardy (baby)\n\nPUB EXTRAS:\nPeter James Coe\nPeter John Mclnerney\nPhilip Lowrey\nDavid Eakens\nJason Newell\nStuart Boucher\nRichard Lavender\nStuart Whelan\nPamela Cook\nNatalie Pile\nPaul Adams (Landlord)", "title": "Clean Bandit - Rockabye ft. Sean Paul & Anne-Marie [Official Video]", "publishedAt": "2016-10-21T11:30:36.000Z", "tags": ["Clean Bandit", "Rockabye", "Sean Paul", "Anne-Marie", "Tears", "Louisa Johnson", "Rather Be", "Jess Glynne", "Stronger", "Real Love", "Extraordinary", "Mozart's House", "Come Over", "X factor", "Rudimental", "BBC Radio 1", "Sia", "Cheap Thrills", "Live Lounge", "Rockabye baby", "Alarm"], "channelId": "UCvhQPdeTHzIRneScV8MIocg", "localized": {"description": "Download or stream now at: https://atlanti.cr/rockabye\n\nHere is the official video for our new single 'Rockabye' featuring Sean Paul & Anne-Marie - out now.\n\nClick here to subscribe: http://bit.ly/SubscribeToCleanBandit\n\nFollow us:\nWebsite: http://cleanbandit.co.uk/\nFacebook: http://www.facebook.com/cleanbandit \nTwitter: http://www.twitter.com/cleanbandit \nInstagram: http://instagram.com/cleanbandit\nSoundcloud: http://www.soundcloud.com/cleanbandit\nSpotify: http://www.atlre.co.uk/CleanBanditSpotify\n\nDIRECTOR: Grace Chatto\nDIRECTOR: Jack Patterson\nCOMMISSIONER: Dan Curwin\nEXECUTIVE PRODUCER: Claire Stubbs\nPRODUCER: Amber Millington\nPRODUCTION MANAGER: Lucy Rogers\nPRODUCTION ASSISTANT: Theo Cassels\nPRODUCTION RUNNERS: Tabby O\u2019 Neil/Joe Browne/Martine Skogsta\n\nDOP: Anna Patarakina\nDOP: Darya Geller\n1st AC: Thomas Nicholson\n2nd AC: William Gardner\n2nd AC: Chris Rogers\n1st AD: Ezra Sumner\n2nd AD: Sam Breslin\nDATA WRANGLER (DIT): Chris Day\nCAMERA CAR: Nick Rogers\nSTEADICAM: Josh Brooks\nGAFFER: Rik Burnell\nELECTRICIANS:\nVincent Edwards\nRyan Monteith\nMark Stuart\nART DIRECTOR: Maz Staruch\nART DIRECTORS ASSISTANT: Hannah Sharp\nSTYLIST (Clean Bandit): Aimee Croysdill\nSTYLING ASSISTANT (Clean Bandit): Sophie Shapland\nMAKE UP ARTIST (Clean Bandit): Lucy Pearson\nMUA (CLEAN BANDIT): Elaine Lynskey\nHAIR (Clean Bandit): Narad Kutowaroo\nHAIR ASSISTANT: Michelle Burke\nSTYLIST (Sean Paul & Extras): Jaime Jarvis\nMAKE UP (Extras & Cast): Kaleigh O'Donovan\nSTYLIST (Anne Marie): Jeanie Annan-lewin\nHAIR (Anne Marie): Cinta\nMAKE UP ARTIST (Anne Marie): Maria Asadi\n\nEdit: Final Cut London\nEditor: Nikki Porter\nEdit Assistant: Mike Radforth\nEdit Producers: Laura Harris and Frankie Elster\nVFX/Grade: MPC London\nVFX Team: Danit Klibansky/Byron Woofinden/Bevis Jones\n\nColourist: Eva Pomposo\nVFX Producer: Edwin Elkington\n\nDancers:\nSiriana Mecca (trainer)\nRita Maria Conte (dancer)\nNife agunbiade\nAlicja Blachut\nJoanne Elizz\n\nPRODUCTION: SPAIN\n\nProducer Sur Film: Laura M. Diez \nProduction Manager: Eduard Rabasco \nLocation Manager: Leila Cherifi \nUK crew Driver: Agus Fracarossi \nSpanish Crew Driver: Fabian Kr\u00e4mer \nBand & stylist Driver: Sergi Suarez \nFocus Puller: Antonio Urquijo \nDATA: Pablo de Val \nCamera Truck Driver: Joaquin Calles\nMake Up: Alba Pesas\nPilot: David Ferr\u00e9 \nOperator: Xavi Fort \nAssistant: Xavi Guillem\nOperator: Liam Dalmau\n\nCast:\nElijah Dallen (young Boy)\nRayden Hardy (baby)\n\nPUB EXTRAS:\nPeter James Coe\nPeter John Mclnerney\nPhilip Lowrey\nDavid Eakens\nJason Newell\nStuart Boucher\nRichard Lavender\nStuart Whelan\nPamela Cook\nNatalie Pile\nPaul Adams (Landlord)", "title": "Clean Bandit - Rockabye ft. Sean Paul & Anne-Marie [Official Video]"}, "categoryId": "10", "thumbnails": {"high": {"height": 360, "url": "https://i.ytimg.com/vi/papuvlVeZg8/hqdefault.jpg", "width": 480}, "maxres": {"height": 720, "url": "https://i.ytimg.com/vi/papuvlVeZg8/maxresdefault.jpg", "width": 1280}, "default": {"height": 90, "url": "https://i.ytimg.com/vi/papuvlVeZg8/default.jpg", "width": 120}, "medium": {"height": 180, "url": "https://i.ytimg.com/vi/papuvlVeZg8/mqdefault.jpg", "width": 320}, "standard": {"height": 480, "url": "https://i.ytimg.com/vi/papuvlVeZg8/sddefault.jpg", "width": 640}}, "liveBroadcastContent": "none", "channelTitle": "Clean Bandit"}}, {"etag": "\"sZ5p5Mo8dPpfIzLYQBF8QIQJym0/dUMbwuWO4j5mxlU2lrsEKGCTwC4\"", "id": "0yW7w8F2TVA", "statistics": {"favoriteCount": "0", "commentCount": "19030", "viewCount": "60537409", "dislikeCount": "7229", "likeCount": "497386"}, "kind": "youtube#video", "snippet": {"description": "James Arthur \u9e93Say You Won\u9e93t Let Go\u9e93\nout September 9th 2016\nBuy the song here      https://smg.lnk.to/sayyouwontletgoEC Listen here on Spotify https://open.spotify.com/track/5uCax9HTNlzGybIStD3vDh\nIn just a few short weeks  James has made an unbelievable comeback with his new single \u9e93Say You Won\u9e93t Let Go.\u9e93 Following two years away from the spotlight  the 2012 winner of \u9e93X Factor\u9e93 has held the #1 spot on the Official Charts for several weeks in the UK  Ireland  Australia  New Zealand and Sweden! James became the first British lead artist to hold the top spot on the chart for more than one week this year  and was also confirmed as the best-selling British singles artist in 2016.  \u9e93Say You Won\u9e93t Let Go\u9e93 has quickly become a worldwide hit  having topped iTunes  Spotify  Shazam and official singles charts around the globe.\n \n\u9e93You\u9e93ve got to founder if you\u9e93re scared of your own feelings.\u9e93 Say You Won\u9e93t Let Go tells the moving story of a love  which nearly would\u9e93ve been defeated by fear of permitting emotions. James words the fright of opening up grippingly: \u9e93I knew I loved you then  but you never know. Cos I played it cool when I was scared of letting go\u9e93 His incomparable voice strikes a chord in the deeply moving ballad as James finds the courage to sing quite frankly of his own life-experiences  which in turn adds much haunting quality to his music. Having spent time in foster care  he sometimes has had difficulties to trust  he says  describing the idea behind \u9e93Say You Won\u9e93t Let Go\u9e93. Nevertheless  the song also sketches out his career  which still seems to be on the brink of just starting out. Recorded in London and Los Angeles  and co-written with some of the world\u9e93s A-List songwriters and producers  James Arthur\u9e93s new album Back From The Edge (out October 28th 2016) encompasses his experiences over the past few years and reflects his true  honest self. The album also showcases James\u9e93s versatile style  taking inspiration from soul  rock and hip-hop  all while topping pre-order charts around the globe.\n\nSpeaking of the album  James added: \u9e93I am so proud of this album. The past few years have been a bit of a rollercoaster and this album really shows an honest reflection of that. The support so far has been so incredible  and I hope this record will resonate with everyone.\u9e93\n \nhttp://www.jamesarthurofficial.com/\nhttps://www.facebook.com/JamesArthur/\nhttps://twitter.com/JamesArthur23", "title": "James Arthur - Say You Won't Let Go", "publishedAt": "2016-09-09T07:00:00.000Z", "tags": ["Pop", "James Arthur", "Columbia", "Say You Won't Let Go", "yt:cc=on"], "channelId": "UCnPjVVu__eOVZnAnjBiGhKA", "localized": {"description": "James Arthur \u9e93Say You Won\u9e93t Let Go\u9e93\nout September 9th 2016\nBuy the song here      https://smg.lnk.to/sayyouwontletgoEC Listen here on Spotify https://open.spotify.com/track/5uCax9HTNlzGybIStD3vDh\nIn just a few short weeks  James has made an unbelievable comeback with his new single \u9e93Say You Won\u9e93t Let Go.\u9e93 Following two years away from the spotlight  the 2012 winner of \u9e93X Factor\u9e93 has held the #1 spot on the Official Charts for several weeks in the UK  Ireland  Australia  New Zealand and Sweden! James became the first British lead artist to hold the top spot on the chart for more than one week this year  and was also confirmed as the best-selling British singles artist in 2016.  \u9e93Say You Won\u9e93t Let Go\u9e93 has quickly become a worldwide hit  having topped iTunes  Spotify  Shazam and official singles charts around the globe.\n \n\u9e93You\u9e93ve got to founder if you\u9e93re scared of your own feelings.\u9e93 Say You Won\u9e93t Let Go tells the moving story of a love  which nearly would\u9e93ve been defeated by fear of permitting emotions. James words the fright of opening up grippingly: \u9e93I knew I loved you then  but you never know. Cos I played it cool when I was scared of letting go\u9e93 His incomparable voice strikes a chord in the deeply moving ballad as James finds the courage to sing quite frankly of his own life-experiences  which in turn adds much haunting quality to his music. Having spent time in foster care  he sometimes has had difficulties to trust  he says  describing the idea behind \u9e93Say You Won\u9e93t Let Go\u9e93. Nevertheless  the song also sketches out his career  which still seems to be on the brink of just starting out. Recorded in London and Los Angeles  and co-written with some of the world\u9e93s A-List songwriters and producers  James Arthur\u9e93s new album Back From The Edge (out October 28th 2016) encompasses his experiences over the past few years and reflects his true  honest self. The album also showcases James\u9e93s versatile style  taking inspiration from soul  rock and hip-hop  all while topping pre-order charts around the globe.\n\nSpeaking of the album  James added: \u9e93I am so proud of this album. The past few years have been a bit of a rollercoaster and this album really shows an honest reflection of that. The support so far has been so incredible  and I hope this record will resonate with everyone.\u9e93\n \nhttp://www.jamesarthurofficial.com/\nhttps://www.facebook.com/JamesArthur/\nhttps://twitter.com/JamesArthur23", "title": "James Arthur - Say You Won't Let Go"}, "categoryId": "10", "thumbnails": {"high": {"height": 360, "url": "https://i.ytimg.com/vi/0yW7w8F2TVA/hqdefault.jpg", "width": 480}, "maxres": {"height": 720, "url": "https://i.ytimg.com/vi/0yW7w8F2TVA/maxresdefault.jpg", "width": 1280}, "default": {"height": 90, "url": "https://i.ytimg.com/vi/0yW7w8F2TVA/default.jpg", "width": 120}, "medium": {"height": 180, "url": "https://i.ytimg.com/vi/0yW7w8F2TVA/mqdefault.jpg", "width": 320}, "standard": {"height": 480, "url": "https://i.ytimg.com/vi/0yW7w8F2TVA/sddefault.jpg", "width": 640}}, "liveBroadcastContent": "none", "channelTitle": "JamesAVEVO", "defaultAudioLanguage": "en"}}]